3.2240853816554242
2.5243541934886147
2.4660516229692733
2.5287884837770918
2.2961071307279157
2.3575002463847787
2.424027274905383
2.7115858178550822
2.3386506174974917
2.1818760348322654
2.0883130032937864
2.174141147794979
2.026917887636939
2.0280804295634822
2.046360313293861
2.097461835481488
2.043452419767838
1.7419481704737805
1.7713730831507017
1.9384588560592062
1.8013661216297048
1.8096750674649742
1.7460327797855575
1.6967765334094915
1.6845019980639042
1.678959364534149
1.7196113716687833
1.719213733976251
1.6539686788605228
1.5881382091847243
1.5497291375859634
1.539324456541075
1.5039326960724173
1.4596496030404027
1.4694080001526388
1.434064763015386
1.3942361345980334
1.2924359405182098
1.282473694039074
1.2586403995694575
1.2600866686786545
1.2814844801200485
1.2576542202336447
1.2452743455172433
1.2377292922753902
1.2307802558848533
1.2408386938185
1.2185884032443142
1.1974444524178325
1.1895981989796145
1.2245674509233948
1.1723575050813648
1.1620791098647916
1.1187082276298623
1.145417597610194
1.1526580533641506
1.1932523488873057
1.4073795665953084
1.5101764851595443
1.8272388504629775
1.940294162496704
1.892227317705092
1.9691362751781074
2.011295752273217
2.135343202932081
2.0850739000928917
2.4471956456949386
2.563083567384298
2.5277385902367793
2.6340574055481216
2.858932058657338
2.8802083294614462
2.8696254263170315
2.825457942785752
2.9706020900565573
3.0409123991932256
2.844934097474673
2.6883245760984993
2.837416881403455
2.8291795395313235
2.755749849773485
2.702335950184287
2.6436410312808665
2.6985173050523663
2.6493183893017185
2.753083765923022
2.784899965678326
2.6861475148249205
2.632377370077172
2.6838257116169704
2.6461661796485427
2.5627012060969165
2.5455838578414682
2.422164210403582
2.492488119540146
2.6341426603861757
2.605621073508759
2.425340907153344
2.5694678124964887
2.4153303007787215
2.3221189853665707
2.4226427168515148
2.280623030847003
2.1145592224467675
2.071445080842871
2.13490260293547
2.0982902419267297
2.35300210448389
2.167512563974991
2.272703853488554
2.259852837458358
2.075138567911239
1.900564424092585
1.8889548435367116
2.0499019681053317
2.056229622895376
2.1708677607233806
2.074995261460728
1.9342879367364458
1.7086389416977013
1.667450499158137
1.6527926953655856
1.6423382139060092
1.5789856787150796
1.4844532240670572
1.566979139561389
1.5117337270830518
1.4750172799297459
1.471412175698
1.4629745113290225
1.4712430467493007
1.427201315163115
1.4240015575819285
1.3761149992764363
1.365368373036802
1.3347691802943713
1.3052022310525897
1.304859418566212
1.2607364317778353
1.24177755669786
1.1802376847682345
1.1392314909810077
1.1252098963298427
1.1433166112353463
1.128299336623746
1.1682542813376282
1.0771900705296455
1.0782120515307023
1.1022546545336684
1.1122124966379794
1.0338450082936903
1.0448961861878894
1.040077542004365
1.0359974482081598
1.2221459680199258
1.4671704467806226
1.4922174852976653
1.514731765769671
1.5357927333496284
1.6476525099086785
1.746336022052937
1.6974178933969046
1.5386267881665414
1.3787937635893535
1.4214897955190458
1.602630668319454
1.6465957131426125
1.6670860226624427
1.5587884138179318
1.5801288501279875
1.6657442839630843
2.017020826422734
1.8632863566373525
1.7010186434492585
1.705471387230656
1.7216855205446975
1.8189775634297403
1.7483520059083997
1.7375520386642187
1.7132124406730542
2.016640087715985
1.9787568976847607
2.015610149014228
1.8901931919142847
1.9718366493508874
1.9925148814499174
2.095530196786667
1.9452570237488578
1.8571196018460705
1.7629162606350972
1.6865484644409185
1.7568060929401543
1.7138526642382477
1.6868082533889288
1.7540812661324061
1.7708295027585574
1.73957265066726
1.7223700069758314
1.7275051863551112
1.7421057747332693
1.75785612994074
1.7731386162084686
1.760688334619865
1.7018789463317399
1.6820623112858488
1.706436607608968
1.704383664148878
1.680376603852833
1.6714838627478652
1.6807005890482922
1.6497502088198166
1.645356367744412
1.6231443388353721
1.6764608677584303
1.6323919220095726
1.645748417312167
1.876621511373502
1.5998766255932813
1.5871314933913943
1.481703293622401
1.494283901410805
1.5822126281701856
1.5779080191745687
1.5417118131128769
1.507949986954451
1.4883332998172816
1.4577652693652794
1.4259622008373531
1.3999046439561207
1.380239562445874
1.406494690777589
1.380793405340533
1.3475112206213815
1.372527877960642
1.351050147147424
1.3156939537606864
1.2992113277489803
1.2930228192448894
1.2843803077133122
1.2149315438062913
1.2613182152963838
1.2529812033360002
1.2226017932931699
1.1695358324851546
1.1485022699876202
1.1303862900824846
1.1290771786761704
1.1132166001397465
1.0878498909393959
1.0968784878722981
1.126406393157298
1.1256150906887414
1.118218264732665
1.1524087487907237
1.1596514649612573
1.1742602193807579
1.1908598068461496
1.1640211270792893
1.201916442448465
1.2076620711784873
1.1893385519065984
1.3024075706284461
1.3041126480346876
1.2943762964966659
1.3908176376904269
1.3704782955420856
1.356931364205392
1.3862380207491831
1.3935480033753773
1.4078900930138076
1.47162795642376
1.4957783426464422
1.4628369427054155
1.4783956541705014
1.5094040925216703
1.5632641799647962
1.5459679691937522
1.5377528859785237
1.533096386580223
1.618795161743521
1.5815742506955524
1.5964876613529466
1.6062100832582789
1.6725877410373347
1.6313847266329284
1.6290418038093613
1.6696801274028725
1.6752319223905972
1.6135413858836258
1.7081301320241948
1.6281690471773749
1.6355168806353981
1.633102040523022
1.6431307463745173
1.6416551562248183
1.6624242091495303
1.6055859024497485
1.6312853376785446
1.5905631230467003
1.5810814075901365
1.5983240100299767
1.6104712293389565
1.5787475403912092
1.5759253288366872
1.6426480128520324
1.6350714004447664
1.61186884553342
1.5823271994156327
1.5951319489068179
1.540292196085954
1.6231169842909277
1.5483782168063107
1.551664898759043
1.5697506199153815
1.5491198482351745
1.5316262666386402
1.5200759318892763
1.4764901171628875
1.479909551818678
1.456635172951852
1.5479902564050603
1.4701191726243792
1.3885269383665637
1.3969390538656292
1.3638438260140489
1.3536487114191662
1.3761730238574639
1.3240824403023579
1.2740159143751564
1.2413385902569696
1.2227624743284513
1.198668372994198
1.166716245097195
1.1297670665654236
1.12863595161037
1.1456917488493006
1.0898353704438333
1.0703007805950682
1.0810952272494685
1.069702761660498
1.12016412507201
1.126639401273039
1.1171416008171144
1.0672389528000676
1.360989860500475
1.4925728336820292
1.470709940301788
1.7321880544198125
1.7818340895218596
2.0115317458197888
2.205832724970597
2.565235048012913
2.6994491147226185
2.7055953791914766
2.582313028526729
2.7503808530405838
2.7714300367496643
2.699565569560433
2.735377085414042
2.651040521546538
2.875687339173636
3.1653962692035718
3.041806834670217
2.9938972511677187
2.9816284931975607
3.067402398989493
3.096620895538969
3.032912863770878
2.9209827065672083
2.8982061422262517
3.0004592575688633
3.1127258921893
3.171531640124127
3.175914785251707
3.1808627723104266
3.15726957249188
3.2075133043635238
3.05410153457566
2.8172033686556897
2.897313339007312
2.9157751517685493
2.8554946909418395
2.4817851260740746
2.5957876768101933
2.6110022283060825
2.2820052276105662
2.1553386737460394
2.230283353814807
2.2100685733251155
2.052560435826821
2.00553512651107
2.080188306582079
1.9511526043486764
1.8609638276229563
1.773149992814455
1.8029128252336815
1.8033429119370818
1.8727455404355702
1.7734581766830522
1.772062759376219
1.7749655444133947
1.9594612300912269
1.902987440202982
1.8576024534552602
1.7543497821634029
1.86611774001381
1.7431614711496533
1.6580130303664815
1.6103518545520332
1.5795788022331776
1.5600865502993968
1.5461895268180545
1.6149113940314557
1.629083129406333
1.471478551737029
1.451010124842038
1.4445333382244023
1.4250175277498909
1.468982961211195
1.410661146862029
1.3072655782622664
1.2869190680290974
1.3374215745639748
1.322188453502618
1.2941379673255775
1.2952377693652086
1.2999260623039124
1.3400920915411911
1.2422653750118091
1.239220814924456
1.211500711234287
1.233876876595138
1.1992217235972098
1.1501645828382323
1.140091372613506
1.13496666573381
1.1373759181380751
1.1193495211460462
1.0788503235886733
1.1180833805713581
1.2244002970348458
1.297754896470681
1.5029039723122506
1.65460559372617
1.651136303430272
1.8307937504356373
1.730935909268152
1.869720488845932
1.8901362370760133
1.9415109366808943
2.1045968483298387
2.395479207383008
2.651543511865251
2.4843124583127016
2.5165612645162914
2.593577244569129
2.5354917966287633
2.4049305944070922
2.536616064362052
2.685437182572319
2.6836802374245408
2.771677814167113
2.656089550539965
2.6777576310184785
2.793935049479806
2.962712848181749
2.697942114734208
2.834883207229393
2.882944619762982
2.9931314189155436
3.0366673024516806
2.8858046165151796
2.90841629376063
2.891814277759282
2.7427631466475586
2.7567079562177295
2.8786474617315148
2.794595320442469
2.7612489045699022
2.779502304429516
2.736498982179606
2.7653702980865917
2.6390913700255347
2.5225845451151283
2.5426805127025074
2.5576621480711554
2.337640814279452
2.3135770886580724
2.331517956262026
2.2476568214231243
2.189740241223395
2.2734051179992893
2.2676550115919007
2.227306176418349
2.0284658811734206
1.8643103857106282
1.8996524388895943
2.0286217037528678
1.9664703687469978
2.10214172254227
1.928848927100857
1.984218288029249
2.037316031544335
1.913658042083062
1.861079712089003
1.8766410823039834
1.8626843889002394
1.8592673777860194
1.8484527232157544
1.8127488917178305
1.8304246630987924
1.7488280121744852
1.7260110637061492
1.6941822687209118
1.6660522035887
1.6555743977550506
1.6160160412019586
1.580718691771216
1.5122186540764961
1.478263721884077
1.4922453675784964
1.4452986338189922
1.3487935053620945
1.3131853369853697
1.3189940613378843
1.3855319678605729
1.3567369317131182
1.339813581968925
1.2922646463583498
1.3235596184481329
1.3206742987711184
1.3229214874318231
1.2874381059251394
1.2774987736117598
1.2905219933025964
1.3122235128569224
1.3201414837922907
1.3033461190430118
1.398303111826405
1.6367129809605556
1.9022462756925531
1.889460004823149
2.0780605904694114
2.174336689728959
2.2922186533384674
2.5870631220385834
2.7337654209103075
2.800920613942209
2.9094411550430705
2.8446282748963796
2.80225945264159
2.956198899844751
2.987862728633485
3.0221980928855423
2.967916044915925
2.926514783944016
2.825466646011492
2.8913027584083775
2.9742112190610572
2.8443658039306565
2.9563331288759755
2.9228167581660056
2.918436338844857
2.9944363479377656
2.9239627839636437
2.998813312420232
3.0232784477159433
2.966619825571055
3.086465163359011
3.0839655891846873
3.084951269822268
2.823103842803858
2.77441898833958
2.7219677468074943
2.8114933557963786
2.88635604231739
2.6772566245707186
2.752244830445603
2.5842589898020853
2.4820826163943672
2.420314926546837
2.3576322979966666
2.4422509328297424
2.4887182647304296
2.3710940656350687
2.206844344317655
2.2370514247304962
2.037607461748275
2.145850841560945
2.087014429110225
2.1626306091738283
2.04876501004956
1.9974138975412716
1.9059608046962428
2.0190805264068934
2.177447721963097
1.893330175761126
1.9702165498356283
2.0805307887854676
1.9563021470552036
1.9130176498032598
1.79667910943972
1.795855309055788
1.8595900873565288
1.7546129215279465
1.7169537642743875
1.6309847576904886
1.639296593610206
1.6014441313643275
1.5477827516216394
1.4984047292087455
1.4911592842883203
1.4989886216855437
1.4611245483984603
1.4231579596987836
1.3669236244333354
1.3890175452220686
1.3473515360443935
1.3765194088436998
1.318976348213589
1.324153549674532
1.32996665631854
1.2913737795187497
1.2949398731270458
1.2938206946298514
1.2461261896500608
1.2602741759628704
1.2277316547559938
1.2244265798873255
1.2269890620771684
1.197741587822692
1.1915288295278985
1.2006517312487202
1.2629744837722365
1.3052585028645847
1.5422375591065134
2.3315493336811395
2.2029059830576223
1.9749667364235883
1.776038828276108
1.7954799732878781
1.813327047344166
2.1313841578012394
1.904032069227206
2.02696741344301
1.8173856795710155
2.1216661256179155
2.1039590805928086
2.1006144128765967
2.0554830099978925
2.2046212023992693
2.026333448931757
1.9572235913987592
1.8360686052337785
1.843772834206784
1.9756897622244791
2.0482126745699367
2.161980860791729
1.9092536046709183
1.8675771662817713
1.888430433863326
1.9225069432786652
1.7632599961163244
1.7692924676113009
1.7700538250963318
1.8070185627788669
1.754089032798764
1.719212960971216
1.728463364125878
1.7978792377855548
1.8490583954564555
1.7653626864227339
1.8119557382076816
1.8075670162987398
1.8092536966483843
1.7485252886448472
1.7740379178394
1.7196315677096476
1.7191160210634673
1.7360245166415835
1.781693206910206
1.7928815418822888
1.8100513849500202
1.8194121097863913
1.7909837842493652
1.820078145593259
1.8302314966481346
1.7773928510394206
1.7834136620501744
1.808800180208072
1.7617372820781831
1.7623359341377283
1.8406607222753812
1.8828113624754654
1.8336241635966553
1.7887369705886456
1.79382110851162
1.7997630893171737
1.7614217418823883
1.7798534257333123
1.7124801221604873
1.672191744386403
1.6733954220469067
1.645564283152817
1.5890783256057008
1.6062138655497953
1.5656028607051984
1.5387696173964558
1.5159396880953022
1.495017089135025
1.4860612742825638
1.4237830988406095
1.3883938812885173
1.3202725731620815
1.3297401486192073
1.3498187651130216
1.3306409862917445
1.3255454373275568
1.350361162383135
1.3591078057855748
1.3127374201281683
1.3096668060835168
1.2776680173550345
1.271343089689698
1.2605586242849007
1.2268124022925218
1.239282013880357
1.2440076651509098
1.242886450195463
1.2542264564115182
1.3141795642375294
1.3316352483355693
1.3235653469895718
1.3237856561474841
1.3612026909106647
1.4065497497337345
1.4223396770229657
1.459063883063677
1.5369914208004483
1.5636692672403658
1.5915513884240966
1.6071247886385986
1.7084495004456501
1.7554864619099022
1.7849434451143869
1.7762961887913313
1.7724267983200868
1.787078546279545
1.8115331838494722
1.834757071468304
1.8221200665537876
1.7976057187779
1.82476038269887
1.8890105197291325
1.8865923514918888
1.9009949834195794
1.8711306050229501
1.868972226358716
1.8977457645903584
1.8764828498102712
1.8673756210054928
1.8714579641766087
1.852440375348966
1.901227312577014
1.9603659337687236
1.9480008421767345
1.862170844128979
1.8684182436723962
1.854412171728948
1.7969474256790576
1.9382194604820784
1.9005477571873506
1.9091646949699443
1.8081202037767583
1.9487260383979184
1.9074503567047327
1.890347335717679
1.8480050874002087
1.9324347163369435
1.9351317899797715
1.8872530002156367
1.8582229519941875
1.8737017099207833
1.8604598206553025
1.8768530737538927
1.9248258872642905
1.9680841672120288
1.93017674976
1.9640064986240602
2.080672949613152
1.985791462966737
1.9147941359962504
1.9363098699329584
1.926737516771663
1.9735432738701029
1.921112152620195
1.8499909412796312
1.8113095009416935
1.789646791594159
1.6926515487817375
1.612428182594527
1.5858664192749972
1.5558057815111659
1.506810226374741
1.4497877632239438
1.4408655131618153
1.3824108863179267
1.3566117471347592
1.345968304849358
1.3474000937507975
1.342957730177321
1.3135897803026317
1.3352238573596376
1.3698981180651395
1.3429689760102075
1.2510060336228201
1.229949556334529
1.183917271497021
1.2034980532189505
1.2031174488590743
1.2059884418699913
1.2329965641301184
1.1883215498636777
1.185305129150206
1.1831115825707028
1.1759406551473168
1.1630755862835285
1.1459994163370744
1.2053046462721633
1.292115504905943
1.3093959931776114
1.3412356710790831
1.3810854447039285
1.397301359059566
1.4662991602761728
1.5274100111811795
1.586566134455526
1.6148422733319332
1.5813016704980505
1.584730102236817
1.7269289770409046
1.6440177841301808
1.5857061426431676
1.5717142977540184
1.6427422707649537
1.681592061260555
1.6477270550693954
1.6584198840194158
1.604828105813194
1.6534212872836662
1.7726390121732236
1.8032523795951882
1.7764948271167715
1.8048352430739576
1.772399936237821
1.7860601623616792
1.793452563626051
1.822747240820103
2.068754864734529
1.9479096882445852
1.8064867893322578
1.8832372210000408
1.8575061437785814
2.0171358328734628
1.9482942430803374
1.907518778877809
1.9692977138865433
1.9470283108320088
1.844468913999057
1.8539044617491223
1.846106753933975
1.7772274839626583
1.800791676776301
1.8540207546611678
1.8522554916063128
1.8444147567095428
1.7870007129493046
1.778309959961311
1.7412956355987943
1.7386329442462676
1.6561089821088082
1.7064671253160892
1.7551619254644646
1.6770443735685772
1.7879452816617711
1.772589060396973
1.7244776135587496
1.6601696875724508
1.614340068976889
1.5895377345457786
1.6393043325535288
1.6944935160000407
1.617375771431857
1.5576739557619868
1.7787664024486785
1.5311271720951882
1.4960185497845608
1.5252381237533836
1.4856860020058091
1.4459376429602668
1.3992695466896903
1.3978697519536465
1.3414282164880984
1.3237420186492181
1.3023034861677756
1.2820599484305149
1.2571340579626475
1.2677060160842222
1.2851415974747278
1.2841672150134462
1.280857020978315
1.2677889104559281
1.2269595639533408
1.2436166822497798
1.2144213861182298
1.1443254339035924
1.1735595427419336
1.1658123736747785
1.1444918788969787
1.1721983713376882
1.1560880782278538
1.1443883314010934
1.145391544277896
1.1417315098399994
1.1469179885922405
1.134668944912307
1.1980747103094551
1.2146959583989858
1.219280376133484
1.2449318490725194
1.2875629984201766
1.2748086691353215
1.3376743451789306
1.351028252356627
1.374131090188603
1.415413028339873
1.452701726233153
1.463239008106106
1.4973675084166278
1.467630529598269
1.4735197937392508
1.5002799955925625
1.4904982972312524
1.4521245591727543
1.4996737047833208
1.5087935852542629
1.5008670728609006
1.48589737324741
1.513891746421293
1.5613017660844417
1.628514753413638
1.7119843448977783
1.620509295606746
1.63140491059046
1.6505548308711773
1.593258756481252
1.5701322621177838
1.6650513646135752
1.575882178202594
1.5369353655943423
1.5465477784282022
1.4695071306336192
1.6852030225231063
1.658726796920281
1.5974214748111306
1.5078312819517743
1.4870287950149905
1.5584662686591189
1.525248639882335
1.5134828040262633
1.5070575030315816
1.5484806751875302
1.4730658791739544
1.5363872866577877
1.5585169953617655
1.5297602011379596
1.567683992080835
1.5484259778460796
1.5016442361633524
1.5171102713821207
1.6041542552149703
1.632341997123205
1.4917899498170826
1.4674793661330858
1.483767157707057
1.5234083246735255
1.463935490995097
1.5158008851162874
1.4857721176053007
1.4491286972084658
1.4028104988885133
1.371397534613979
1.3382969899458554
1.3001540220865209
1.2898088752059336
1.2671708817304868
1.255883181970686
1.2519685485845733
1.2021446130643982
1.2009991235265824
1.2092051282005052
1.158120615647088
1.1668218184263333
1.173158754216193
1.1596741218353572
1.1170943664439914
1.0334326574767425
1.0070196722763003
1.0028639945247653
1.0350140680389028
1.0076703618337772
0.9892098365256662
0.9964444224881894
1.0193016232465926
1.04676027259461
1.1387363170485194
1.2801693837027044
1.671904500044739
1.684024880596683
1.7657002477104597
1.9296680851590733
2.027940942467781
1.9563810236633037
2.0686416711870126
2.0317880650188376
2.164095880130301
2.251647792360172
2.440527536068803
2.4514518069525275
2.7310549015763153
2.674167892336409
2.6722781697702978
2.6707379730079497
3.0288029089637782
2.949212983769446
2.819762617023103
2.860813261868676
3.0554059055333704
3.0217449670825762
2.922033506559126
2.473537268072992
2.6726001310581444
2.7935537656117706
2.5614724577192702
2.5675913254141456
2.7572887723422945
2.7504875175558925
2.878726916569614
2.7708236432059405
2.9042891034697904
2.8866644132827606
2.826737297614623
2.7182856758680707
2.5574597190404544
2.5706824124871464
2.483188193805219
2.5592863287038257
2.3121515402819393
2.341858520698626
2.549442048134376
2.6702148375281025
2.4918750163190544
2.596878560672771
2.4289781619640793
2.250186137532704
1.944864323751878
1.9476367108273298
2.301124224237718
1.959903094603958
1.7323991931278662
1.7490476381611146
1.7011338804650993
1.7477096962359204
1.8940296241428434
1.896644375735637
1.9480065592115823
1.7339343092450916
1.762445738058071
1.7843726572442713
2.0637178131603653
1.906746411141814
1.7695248831649157
1.8785433468425925
1.6342085261411075
1.7160442351891347
1.6290800390837759
1.5066939593798763
1.4515065069056468
1.4182064567705386
1.3653293626216858
1.3762338234383813
1.3609383411460327
1.300445709991597
1.2936052002634144
1.2931880102799922
1.2869548915693407
1.2928796409172456
1.260644083239838
1.2172429303811116
1.1822165098979367
1.181839560954582
1.2029096392839989
1.1829223288282231
1.1920444232574106
1.1823360717681857
1.1703648812022114
1.1216771208452228
1.148251946247567
1.1280978062150873
1.1317638852360772
1.155035686811339
1.2450290065536116
1.3453350735241008
1.100740650427163
1.1159836819047926
1.1741014595953998
1.1781124827693492
1.9029524337516386
1.961958988136533
2.1098064063542887
2.1301648481331976
2.6382593377738695
2.4605883004306466
2.422804874914784
2.4065807072976275
2.3811870300735736
3.0644433699799927
3.1476095951468186
3.0923199310559184
2.7635852303583848
2.4316279296856362
2.4515691682419476
1.8132788129467736
2.4241040039370505
2.1958106766605785
1.8966178013018469
2.6460393861011307
2.6021927864383514
2.6936146599287816
2.901484248652653
2.9651193546148535
2.925883351690808
2.796336855912947
2.770478643208594
3.0867709859373043
3.0113476284528637
2.940903274155936
2.9826852867378197
2.6999878469765397
2.7676159141983536
3.0535337765155104
2.714278014608571
2.693979805087263
2.6275242378564325
2.5182835774062715
2.57229516086184
2.4744070454856573
2.387558397766507
2.2373106279543093
2.4424912683117648
2.2443734569322475
2.1735566994123774
2.1297231642656267
2.001914574926012
2.1163134514655337
2.1202871901446496
2.2416629246950293
2.1684744897740447
2.0537797551722825
2.2183084506810986
2.3470336109814056
2.289360466263675
2.1781609542156763
2.377136197846664
2.296281992016894
2.3581456399282024
2.293459546877311
2.050400248746661
1.8913548273892218
1.951590120474344
2.0166591361029353
2.184116212234391
1.940802427008924
1.8461867922527344
1.7343007124680803
1.6582836582140117
1.69986558370066
1.499243020425435
1.6355803777434597
1.4679535145165357
1.454858300314125
1.426717574349004
1.4125919753269713
1.38329160815793
1.3478148222759845
1.3101927085626195
1.268661045629606
1.2566394454823016
1.2765527521910176
1.2672817981844124
1.2319417829220318
1.2513977075655893
1.2163546289580762
1.2039412723680054
1.2700736902319623
1.2162748852112446
1.2319592031296727
1.2508099484446342
1.5833373620162243
1.7313706963615823
1.8058751409498648
1.9747851622314365
2.519547509654615
2.542723680444111
2.228691279633503
2.4060684589144703
2.4082995685747304
2.785129052773338
2.8031468268283137
2.939841948357647
2.8694132005122124
3.2032415495576676
2.972030364239121
2.8044022332702707
2.612575260552049
2.660351511797509
2.4912328969691546
2.7510010336809754
2.5894043349238025
2.7856362237371797
2.6759174213552117
2.7724353077096744
2.950748645047958
3.252695310467645
3.2335988106145153
3.0985389213306695
3.073179353783772
2.940715351576736
2.722529330674143
2.734568614452517
2.8216955234598506
2.876376445619949
3.561301037126441
3.588404136917993
3.2859985553728026
3.0606629893639057
3.046021647541027
2.8667273327909335
2.6285302378486954
2.538670677249476
2.706388053378929
2.8367018330218574
2.725699685488469
2.65831485052285
2.024276297334675
3.00025609950591
2.36368296246626
2.4144665136885917
2.4448932489384525
2.307252530642198
2.273307343806493
1.9301117722524355
2.029803100517975
2.08474739364379
2.0020339136347713
1.929837336770675
1.963989671991883
2.0223497360591693
2.085590322669565
1.9423221237714292
2.083814138812258
1.8964619585997058
1.8929627337387522
1.916574556227517
1.8628035047288394
1.798038628344031
1.7500494369176165
1.735830717899284
1.6923721733761719
1.684658882849337
1.5879109754437535
1.5301667011348332
1.5054029564306608
1.4996798906164088
1.4557868892355599
1.3974721613444454
1.4142329219284326
1.3833289787814451
1.3678221414809646
1.3411521204574028
1.3104826395927651
1.2653927322178102
1.2510306111218432
1.2569163258879659
1.2328802716347398
1.2330955551678517
1.214372816328493
1.214783280895516
1.2279380937061242
1.2051206179461424
1.2064244791443317
1.1954842535373906
1.225225391730584
1.2073344713596463
1.4095958052879412
1.6993513514465504
1.8295477794774784
1.8515215018891247
1.7807292475948733
2.161197434991302
2.445722929577232
2.3886452913065352
2.481495813173074
2.524179151554477
2.6125407863587657
2.726119417743306
2.7609399948948585
2.627530221727354
2.634189453934203
2.773751117376974
2.8141688751306404
2.6092688605774783
2.7532912723730387
2.7132284920359973
2.8381629459138455
2.406061571817749
2.6970329824831363
2.649278121560093
2.790032968864655
2.6937309341214353
2.743475295029178
2.835707091094024
3.2159523526857168
3.0168590187330566
2.9886242060469828
2.8606683296117263
2.9674295578228924
3.0356043508469526
2.8793777391452533
3.0554178829526326
2.913918616298957
2.990531360871025
2.953579438574574
2.8730140037103253
2.6687998085067277
2.709217030776527
2.820694426693356
2.849420984536939
2.7517684949653956
2.7095892501285026
2.8090302461379033
2.7220620629358008
1.928754423875778
2.1433545351285312
2.1103607482855087
2.153033922150862
2.070332422786912
1.8268726182077302
1.883659485512922
1.8854701371118996
1.9415158399066632
1.9451373076207463
1.8979302563709084
1.9598145784756065
1.786751418516299
1.7772813256271849
1.8270080630262224
1.806644882377049
1.8345891502249767
1.8087720412508563
1.7655324473440437
1.815932366591331
1.7947272280589475
1.6818747208766367
1.65824207910738
1.6202969399901843
1.5897379301628238
1.5416344243659519
1.5838506687300955
1.4953597247464099
1.4598645463651947
1.3976945325856094
1.416104919145713
1.3791767216547743
1.361715484015288
1.290484669137413
1.2798526675761082
1.2527081420968507
1.24030174342317
1.256467201739146
1.256356331951885
1.2451371763560273
1.22808491557529
1.198038570935891
1.2336787784780094
1.192855219266859
1.1409545340375402
1.1496357520259128
1.1345753897076913
1.1354198665491348
1.2075098713582972
1.5048580916520604
1.6544341775984566
1.6914976547327591
1.8874828499996459
1.9327113012647008
1.9232370432730503
2.2771441340995655
2.2169028506919086
2.1364632900202407
2.2827347921210843
2.2239265022507935
2.209403957201195
2.4738742971026584
2.6303646475120064
2.798089097834954
2.7368429015318
2.2750118728256417
4.906937759035318
2.4521635811406015
2.2559422213594016
2.1297911803941356
2.200914125008425
1.8499076664176657
1.8085169151230958
1.8788620565175609
1.8552555700287672
1.8848580744774692
1.8768436787542662
2.0695265034382717
1.8673404404771399
1.7947355410355388
1.8105287247850423
1.8759684039973803
1.849470169841992
1.7829501168602613
1.8730306359891165
1.804144138518086
1.8138420625077254
1.7780602928878988
1.7393159194274614
1.683298004361747
1.5651429830151389
1.5592275242918647
1.5029721609022524
1.4626713070869974
1.451635921067171
1.4291230190450868
1.425321164196159
1.3759419011583145
1.3342648332310791
1.3896672506025003
1.3304931796309512
1.3251603465095256
1.2313879635690386
1.1855082647671338
1.1899687162565582
1.197315472006291
1.2080781007452892
1.1913919405750044
1.1749450699785444
1.1409167188307097
1.027477285421721
1.1185691599270549
1.1255062129847346
1.1023708655707174
1.0763136482728048
1.0947984589966178
1.1709526490588107
1.1243335213646668
1.2510854774747733
1.2594009903140455
1.3159072479439762
1.5804111523613105
1.3763442507049666
1.253841904551799
1.280916790559273
1.333888294912708
1.4684824532221452
1.667154774274817
1.5034483335983866
1.6627469743087169
1.7265950351079888
1.8574918147464339
1.7759548476315925
1.7695477476808694
1.7220237996592753
1.828320840777237
1.7629951670861028
1.760240192913743
1.708451206215274
1.8621307082591434
1.4356163599265286
2.4364696167451734
1.9446712600173737
1.9233996406542984
1.8430225990565285
1.8108293326274405
1.934416546412876
1.8545443889626507
1.900301759578476
1.9121770625585768
1.9257823335760553
1.8537729850876796
1.8800367009190535
1.6714550208740115
1.7566185413286934
1.8340702181523734
1.9215477594150747
1.6867208999307868
1.9345903238308946
1.7111038707110013
1.6679144452367165
1.627636890707778
1.5844023007177115
1.6034494431596436
1.6019143298873102
1.5719380389951279
1.5410429075144565
1.5050228568624315
1.5430224586857963
1.5332666494901241
1.5637110073284597
1.646676435722637
1.5448233350725693
1.584619968457973
1.5735551104785557
1.553556436600547
1.5253403731384192
1.6052845507950566
1.5773635950295355
1.4755688961578268
1.5550567463325968
1.4943625449943676
1.5071630536523877
1.5040462371095722
1.4910069209610415
1.452770000397107
1.4204292091822144
1.4478539814257851
1.4431604753622882
1.392345089048177
1.372947937527284
1.3819474240446765
1.3825308933964915
1.3432243249583944
1.277692512770728
1.294288773569585
1.2949328543773246
1.2767613465577288
1.2365693825298143
1.2012763080989015
1.203930809868421
1.179966099570693
1.1795139297969943
1.1403196365627688
1.1697327116439982
1.1679057225499296
1.1640915216598255
1.1367775592035183
1.1403333784372227
1.13393134202495
1.1630511256595006
1.1564724309209142
1.0839136788041401
1.0841625848359162
1.1005262575190156
1.09763879367542
1.1099620398524046
1.1176541603800807
1.1121786289309916
1.128078465174189
1.1351840117668401
1.1659447870028499
1.1860196526634799
1.2120064049641925
1.2353826327853048
1.2311021683720618
1.2330378945451428
1.2672479805762753
1.2687983289514486
1.232090889791107
1.301136581005811
1.4267479728979604
1.481717659571967
1.4387442760315041
1.4438581876262306
1.4414290083477577
1.5217985786185468
1.5530860514109053
1.5032102067261264
1.6188243714207158
1.743617689815779
1.7878281636693083
1.8613276921362871
1.8359599503959045
1.5890638748754078
1.4846250014850908
1.391317919088993
1.4213029729398376
1.4311579345892265
1.4546938128206617
1.455537480078804
1.5099525814582087
1.5266139285044795
1.5553363317381539
1.4983473031693608
1.508766183588685
1.5166350980130971
1.6719741613345258
1.6468826841081474
1.5291910427770739
1.5415714570767873
1.5275824307576613
1.5449818838162692
1.567025687315327
1.5448339838221463
1.5562264460957
1.5137662173900002
1.5960956844987464
1.7410758575772634
1.605364055395206
1.6414498357628342
1.616348548859112
1.677400654841178
1.71740793195284
1.7350601963332069
1.813441511859415
1.660266993682629
1.5534179719237515
1.6099548876179626
1.4926426659395566
1.546191162301913
1.6050565876556353
1.754057660703228
1.5028744045705427
1.3064858028765853
1.3146253494281486
1.2897932470815543
1.2941109887849827
1.282406075916761
1.2675693275479871
1.2107723052215644
1.2177441270278626
1.254009016628492
1.2157704554396227
1.1919553205526177
1.166782409469566
1.117596674965698
1.1225372597693768
1.1122739876772028
1.097140713903545
1.127155217710876
1.1167487081243934
1.0873552551257175
1.0884586296652066
1.078455075062712
1.0637128664818483
1.0616355546893932
1.0506440753344888
1.2634291483475812
1.3946176021773309
1.415191718148129
1.4145539471852921
1.5325529107939004
1.5470981203594538
1.670301006508684
1.9633997752222263
1.9934249169267892
2.5943802639177918
2.405332733113677
2.404463329894557
2.378579359125887
2.279919411497576
2.6349108603802676
2.625283699163987
2.441022361871449
2.7641493529346914
2.8501498200152042
2.8633039424946816
3.1680186401511454
3.0185140380751667
2.9143447033924543
2.804005533273322
2.737855243459498
2.6778887729529535
2.557294477106241
2.6717408859034624
2.8155358460878697
3.083206834351813
3.006096902686795
2.9117765614767217
2.86478300377363
2.7436282047054217
2.9630210223729274
2.9140174743627134
2.8926602906560013
2.68206257614666
2.7419476176215722
2.687835359973229
2.6963714405527406
2.772135101260371
2.6094703831565735
2.3692349817783986
2.550391270707721
2.4434455650786187
2.1468994544561064
1.9987688781760118
1.9233297432723369
1.9063137917903021
2.0747376904949673
1.9525496817572863
1.8939871757560731
1.8233886343635575
1.6195936423825414
1.935277610922382
1.8850536629215544
1.895217191875646
1.7610087509723482
1.770810405735674
1.7466966252759701
1.861689927617372
1.8459945116090521
1.7852215669151619
1.7238852383546361
1.6412096680227457
1.560133978323712
1.5592420783305716
1.4343690213366296
1.3966668011681143
1.3939805635665226
1.3766030632153756
1.3982004152738408
1.400450963422789
1.6547944195311697
1.4461459404907075
1.2974739457346842
1.2422497708457623
1.2268589799990042
1.2308599054650218
1.1996427196221477
1.1718912667665582
1.1790404856491405
1.1334533541272769
1.133639490578214
1.1338679651524686
1.1258311940134875
1.1132650284711556
1.1299933853064303
1.1417729569216855
1.0939282681978628
1.0565792040569812
1.0285918249607664
1.0317763302508922
1.0105982773424325
1.0239065897302742
1.035525515101913
1.0476532992033316
1.2304654776333603
1.442227714714391
1.6184020907788024
1.6642271259102368
1.9932480556378267
2.1620978575650227
2.1588747156543278
2.282563379219177
2.3072271274165863
2.172666254257936
2.395682726736281
2.5989692864631433
2.542218864318961
2.490937951810133
2.5924961574806695
2.505014990411545
2.5100221194052934
2.3557454593015
2.5423572707695095
2.743997882121933
2.7071678565987383
2.538942399828031
2.504769764606979
2.6480713312467934
2.8073122977640192
2.6420939474217975
2.701970634058065
2.7333346241394274
2.7128925565547095
2.651886166701325
2.6730565116997953
2.911205361481115
2.647199202221243
2.3881473751813322
2.613742505704362
2.6277549765643347
2.736368385406417
2.8285776879230493
2.612498699262315
2.409418575017737
2.2664320728916283
2.2018243443562637
2.2583128181153636
2.3064250274227556
2.314940601550811
2.2901879694831178
2.2012623895218755
2.1262123384861766
1.9640529719913962
2.1014696644829223
2.2150715248995416
2.095547606463952
1.9080488046801847
1.8661614017765307
1.8928803273774895
1.7744853992557972
1.7514454137371456
1.7158842578585523
1.7519792800740515
1.7718484133430699
1.5400079475555821
1.6660736650461807
1.6319449358359357
1.6516058408294136
1.6573349160184272
1.596945266334763
1.5846790368221793
1.5805352142785065
1.5445520309166834
1.4716728779793071
1.4330266757649692
1.4156512027054087
1.3855897916082751
1.3545429872169643
1.3371798037402485
1.3370358754126344
1.2937359956748837
1.2571576279617107
1.2101501881629522
1.2154157652453834
1.2291848224065836
1.2269594118700131
1.2124346061971774
1.1699251985113492
1.1900867433352016
1.1548191382782769
1.133042982476917
1.1149624750703717
1.0901733316804039
1.0846975548146582
1.0877512759433146
1.1034474605279372
1.0998413490045647
1.0991642317398043
1.1065862070698815
1.0886358867414965
1.083607991941287
1.162591078155377
1.2715498547367385
1.4827359918221998
1.614206148875589
1.9125970046452043
1.9833147137787395
2.083571438814125
2.2662659148283906
2.3436635400395827
2.172568851032878
2.261071411642534
2.314829601551665
2.4197375555835356
2.434811345790185
2.3707619333795584
2.4541126359643215
2.27417965670301
2.358169939928015
2.4543040069305913
2.4997468485165775
2.4018472976566123
2.4226214942710325
2.5277962773331093
2.589495763955358
2.4972042904716165
2.519473145139058
2.7180897726437707
2.7298381241663185
2.5729949640822642
2.8628288812080136
2.9056003808790605
2.608617296066361
2.4687750326257474
2.6458072086835616
2.390605042904366
2.4124960588650364
2.4361485586831266
2.494357174364481
2.410775381458915
2.524147590264397
2.755064559456175
2.61271492829291
2.5629243125468135
2.5424218578657864
1.964255213925325
1.8859972500110718
1.9219644077989666
1.8577847599054709
1.7666021315744913
1.7346262202388136
1.7971398829525311
1.7393130733859088
1.72647174972951
1.7133136333773662
1.7418516918266993
1.7199797681124782
1.7445002665131208
1.7503266927399328
1.862688968066724
1.7915429804771448
1.7913586584011352
1.691972708392045
1.6480161072220572
1.7005659232589148
1.657278239979013
1.6418881412155604
1.6300064100443934
1.5615275473254702
1.5115327149370863
1.5407531402343044
1.4208732362479037
1.4011286111991512
1.3568454115004744
1.325463457122481
1.3286495086625454
1.4492901517853833
1.3408808871348472
1.2870758007312029
1.2809865290981686
1.2882959025577203
1.2483428622703114
1.295108110203694
1.2429005537365694
1.2157218158582221
1.1867951405493313
1.1780799619373084
1.1474153071141455
1.1417815321296783
1.1229149582960352
1.1076831389012936
1.1238611782584358
1.089892479399897
1.062871552556946
1.0680453331846915
1.2386202807964488
1.3778557829514058
1.4606166048955442
1.7346787350458184
1.5455807816614462
1.7120206126394348
1.8810276790815499
2.3033518919625204
2.265014321289629
2.206214192709598
2.3516559980426295
2.4853893712076447
2.5089437484458443
2.454597500476721
2.606037915441037
2.512072203260494
2.557979402907425
2.585303989794048
2.558296844840468
2.573252722144798
2.6020077606333225
2.66061652147289
2.9378234354699457
3.1067116857839427
2.777636510895479
2.8435774684528488
2.8256407847198304
2.815206984800076
2.7855364656734305
3.081212627915537
2.9544927417933557
2.8803093584929274
2.9939104931031
2.847649513582821
2.9518242902009755
2.7595037465188077
2.5323939966525875
2.899248964798877
3.106082256756525
2.29819330490542
2.3044192016317306
2.275603385724319
2.329166391763983
2.428944065190149
2.3466606690487897
2.3235782789037347
2.1118711902093765
2.0197854070466335
1.795860347478501
2.0201035651087027
1.9312340399857397
1.865761614682831
1.8356261923339554
1.7845779991781758
1.6905481709486512
1.6831251773777964
1.5788740426957129
1.6007948357651283
1.5807488230200186
1.5904054653446313
1.7157864974457702
1.6453840260551575
1.5390256921779468
1.5288010673759036
1.5945203403894548
1.5277609063755695
1.5224297842957422
1.4431450701545672
1.4559104336056503
1.407610119483266
1.410848305278308
1.3910747890986541
1.3334158815981467
1.266725014456537
1.2963899368194256
1.3162934024868664
1.264907725362083
1.210527452522961
1.2421741981404317
1.2444267290925912
1.2272997633148224
1.2127244786856588
1.1744802129136827
1.1598523401616088
1.1426724579276093
1.151739093192334
1.1541518716381252
1.1532858987558692
1.132719676239764
1.142895942293729
1.1180702834885454
1.0907202162420058
1.0747677108342348
1.0727255786237153
1.0729595473644182
1.1673212103770623
1.3252739317429054
1.4437974759926406
1.2868418578449354
1.5486452042185228
1.6936458772968825
1.7348673866572708
1.8484180890097672
1.972449204184886
2.2007401733968597
2.1612567478940714
2.1326546190817908
2.1022371354447618
2.258243892309442
2.1145902418013676
2.187412631563877
2.2793224534376506
2.4818789099443213
2.2349470989402285
2.364425033428294
2.4880750518321513
2.2520593633247485
2.4195353007463813
2.305855991943261
2.5938315510187864
2.2208519119518595
2.5381366675761634
2.668234047220756
2.6783612955299647
2.600492786451426
2.472884806787688
2.4129174266037308
2.272929505099722
2.2709570599536013
2.373287449489167
2.404611707312771
2.5983705025967803
2.5789465930687485
2.5040830065477446
2.383709452634818
2.5966489219648596
2.3991554589676376
2.290299698514516
2.028492552140958
2.231933469931148
2.0158971103023444
1.8654695792012057
1.9659992977828784
1.9187953239523725
1.9132394852854246
1.7984518829424405
1.6842482314073215
1.6758874967882997
1.773492821844076
1.6757599709828284
1.7254083231050998
1.7826892977039581
1.735703986862654
1.700916502619984
1.6959549715671376
1.7267144347198662
1.7797669590700815
1.5926904927538328
1.5853719934613102
1.5619632808498223
1.5036321517093598
1.461043376110019
1.399858179556381
1.38818443129684
1.3901668766347313
1.362569625648014
1.311722340376837
1.3312871879327335
1.3223661572455565
1.3027007009436582
1.2927979182121594
1.2785758831522924
1.2268201100005487
1.211058545001857
1.225081275902977
1.2080960713695752
1.2052910218977044
1.192153863461395
1.1978206040695525
1.2254507502632956
1.1895289754406988
1.1856656655942128
1.2077925982566342
1.168360903156842
1.1595246757996291
1.129690978443447
1.1978761561506783
1.140688981964759
1.1379130908250632
1.1132975730531955
1.1059992231348728
1.1366933877485297
1.1598674051610103
1.145665894058661
1.1259847871323843
1.1632867460668048
1.1585852854202905
1.1821018451108263
1.2275270778891232
1.231259606659511
1.4746158402717482
1.73686050599678
1.4330788825266896
1.3958445344259591
1.2823524256213985
1.5516666429049626
1.6907666515125748
1.4805562176454157
1.4469166759686511
1.4353144098407296
1.4467964114534468
1.5410307687932139
1.6925952514985108
1.5102504948363944
1.4728157431422275
1.5225965205478937
1.6016527909076197
1.4221770922879537
1.5924100006561246
1.555893778356323
1.643301293813111
1.6181138520713418
1.692522338595846
1.735923441487858
1.9053233982495321
1.7825438798389814
1.7151111610027625
1.763825396111976
1.7041531385063946
1.8605370050455938
1.7014640127206249
1.7998714506734583
1.7043445094726648
1.5483645816400362
1.6442419873542633
1.7479953865563038
0.4189918741969211
1.0849839400425698
2.2060424152915648
2.8977653712618996
1.487711185332323
1.3879841409380256
1.4612015952136255
1.7192479770999787
1.6812847935209831
1.329195783325646
1.5122242141760531
1.571433565333582
1.4673926598160545
1.4933078100362789
1.331378552512436
1.5134870528760183
1.3146698767180458
1.3441424251461767
1.2735703748095268
1.2831304627629763
1.2591532520490785
1.235995354427624
1.2073780068431823
1.3977404408629905
1.3255879123856518
1.2840489739954473
1.2574363483936715
1.196470958539971
1.1894024556540592
1.1667612530120735
1.184440140226244
1.1519419831842714
1.1170378189462387
1.0896034398280492
1.112760540991202
1.121396234606384
1.0935027734231035
1.0829757061330785
1.106253376458107
1.1176717447543818
1.0535766768846244
1.0797040308464163
1.0781939990314198
1.051876185285529
1.0575781636006194
1.0164739871089528
1.0153703315278082
1.026537908167382
1.013456031395542
1.0181880330825095
1.0252931232168452
1.0091456128168226
1.0053670229669704
0.9836922607032481
0.9859957514450489
1.0038320976112962
1.0013568325013213
1.0124712583096735
1.0227849981081756
1.077884575085382
1.0674067798767322
1.0674123917906146
1.0735052719260663
1.1014225720667326
1.169341000684109
1.321297654354132
1.1952746811298165
1.3453998315881188
1.2771853127579127
1.3894372538300754
1.267071664448599
1.2680919902472039
1.3042156867435728
1.3063185480177224
1.3073740738160557
1.3645204475700958
1.3193857963043196
1.482234627309927
1.3762287119961778
1.3552257863512578
1.5448421494090623
1.6089661166578253
1.4508532307770852
1.4544282694592672
1.6384079003023584
1.3946560634673575
1.3068012351107843
1.324125902719477
1.47544804671696
1.5295405398493265
1.4557330049331032
1.3859810183727863
1.4307110083513523
1.3261324639943675
1.476535133805374
1.3763633055435298
1.4411761889160264
1.4700705338550926
1.3900037376966863
1.3723182797681877
1.5317950495094066
1.5284895624380546
1.5711210234005017
1.4366018631447557
1.6595272743334797
1.618594545616032
1.6378929293385773
1.4503518533615862
1.411178253662867
1.3079318415537013
1.2770993385650258
1.3715143539679189
1.534465488198546
1.3899988376967243
1.5290152301759472
1.4832282853668006
1.552717797735588
1.2852334578573053
1.1519286867264664
1.1589601588284635
1.1557937778228815
1.131372246293306
1.1007354729273688
1.1533972620970536
1.1114344011294641
1.078297124027322
1.1204306146447542
1.0668275859414138
1.0637939681452924
1.1251349811244862
1.1129969466068081
1.082481890527701
1.0162941996160968
1.0114885704320553
0.9988706371834469
1.0116083193856305
0.9941664348703753
0.9828986263597844
0.9542283072907073
0.933978654970356
0.9325960221086304
0.9248344792920461
0.9233475253927992
1.0700971659635148
1.017296008305088
1.2437014065638217
1.3605434443748763
1.6537592130875185
1.7092540352413577
1.8565821373340747
2.1391810835477254
2.068395348608262
2.1690654542856285
2.387252565510795
2.4185111652703877
2.433707945798671
2.389724755814362
2.424097832969356
2.615349992788773
2.4554010617608633
2.4074071234203043
2.4394988554315535
2.559633515797929
2.661939944043357
2.664058060156099
2.7396040337686287
2.926432064589813
2.797110862358607
2.770126007727435
2.791862475302197
2.898967990607489
2.729362511266751
2.855867268358329
2.754331553010199
2.9651690578402774
2.84815524261119
2.685591543861454
2.72478293065681
2.7635574787456956
2.706277943702357
2.647479457057797
2.718393424254339
2.9548743869517113
2.601210731607195
2.6599063795428677
2.5464215191253485
2.391823265475642
2.382735575222954
2.2182010668109564
2.3896576396858458
2.1189091643487967
1.915615533654247
1.9085449079021755
2.0474813165110453
2.0768313033820913
2.1577865543723744
2.032250616628184
1.9562025397937088
1.80652633771905
1.7889783668862687
1.6519491131014399
1.6332088713100859
1.5851864587761966
1.624780526213617
1.6836838101797496
1.6278852903136503
1.544914894569793
1.5259816463283105
1.4479192211222305
1.6043344747579629
1.3015528609576004
1.372923763634499
1.3697566797878888
1.362023960492522
1.328670844620006
1.2907530126535645
1.3300000704162347
1.2749025030980503
1.25579022259988
1.0880148357245083
1.0777598530013557
1.0549571193297704
0.999105625090776
0.9989260603062448
0.988161100317339
0.9612057993051131
0.9614346832543516
0.9482180985711981
0.9415515896694346
0.9396310222457511
0.937820387317699
0.9421097081889238
0.9103211898687524
0.919472992213426
0.900391860471642
0.8821521368214238
0.9167483348848441
0.9392451863247256
0.8930334257640399
0.9415698959842658
1.083120143282711
1.2417244259338656
1.3399455767913573
1.3039377964231291
1.4504358436835205
1.5579184654375258
1.6896220741020227
2.1820741154759027
2.1450236931802094
2.209654450747656
2.1444582964103645
2.32461383373448
2.3115703693186664
2.23183823444801
2.3541055012495975
2.56699889961225
2.6250099830370597
2.570385473779753
2.558338557743373
2.643536363539736
2.681440595506282
2.578105841462312
2.695503130881999
2.722511724222665
2.8600998457451308
2.6637043504813995
2.847802252291324
2.900598697046561
2.790544859183299
2.8128051751411287
3.0452017443215262
3.0218715832106344
2.9405941838357323
2.862817081208104
2.7263786241929253
2.7162290662064685
2.768615381932602
2.875953626268362
2.8758433359466298
2.698119511507038
2.675902363290812
2.4903934098788367
2.6322895700778473
2.4014721912078842
2.183613209012453
2.3143757628454784
2.523358174141437
2.3985347428433794
2.216215376503648
2.173522609090059
2.1099266676436867
1.8763760952463575
1.7690625283297619
1.774218576677204
1.8334344407379084
1.7642271799798535
1.7133356965002884
1.7050022352740577
1.6568071356447225
1.7358347414885402
1.6797784311682693
1.6693401501247156
1.7650022606190536
1.6663192871844685
1.5913668167931803
1.6144031424224612
1.5712576296471648
1.5297871760867192
1.5168257647267593
1.796731928116959
1.612846429531208
1.4617807694027194
1.4170605097327411
1.4024356717722133
1.3491587970142462
1.3337143878362852
1.299931450845365
1.27490031413168
1.2979455630076102
1.269070045821687
1.2578898645992809
1.2181969288848697
1.190592379356776
1.1785542150434631
1.213683866147536
1.2198291115283462
1.1504015974121478
1.1117226641574436
1.123745784905746
1.090419753545612
1.0849141739727175
1.072261693433815
1.0509307382397646
1.0470674627682772
1.1047440831847475
1.0794935968964448
1.055154490780261
1.2103462874655146
1.514381862546556
1.7037932610898072
1.6059240070038023
1.7430936640133576
2.065490726049956
2.0630042196174663
2.1770268993856883
2.2805394114928075
2.2719733922038494
2.328419794995531
2.367028181795371
2.3470152916267084
2.492047522769341
2.3917690267663807
2.5290990257101873
2.4745728358069634
2.4217383039552454
2.6113394347551013
2.6970990050632744
2.6815862567954842
2.56009878031048
2.68248050840151
2.7362571886330787
2.650705124774924
2.6699180826916753
2.6980609179591015
2.888776887460062
2.7531575981805183
2.9289212903771205
2.9472960450745123
2.854372968369821
2.493688016305111
2.440249990909648
2.6286675475250583
2.7702892657906957
2.5651788222068936
2.5234936741403935
2.7767475141281226
0.25241254644581157
1.3494749541374227
0.7910201197227776
3.7302827003429453
2.4112976072613503
0.22171952410122409
4.065269600992393
2.142417641587349
0.8068055002465349
3.344826796855843
1.9803009041244997
1.9223524045701763
4.182373203317565
2.2118509281501173
2.0891689936097837
1.9710539429052942
1.9191621013689064
2.036106435953368
1.8276939569110904
1.89128989190585
1.8523557212375479
1.8780149597498816
1.761478921936474
1.922852314243751
1.7680759347889627
1.6963034767616225
1.6649020628010696
1.6413639016530583
1.6182832392368682
1.5260757956091962
1.4987707135692026
1.4992255300094632
1.519238261922562
1.439386244262263
1.4489677938815262
1.406380576615457
1.3663494092478192
1.334675005506447
1.289264720644223
1.257378171702947
1.2569332069289616
1.2930702529930045
1.2820606284304878
1.2349232111368937
1.2364624252423975
1.2618883294403962
1.228551846390069
1.228644779928043
1.2474593750137515
1.2369341116819876
1.2062531387344733
1.2172473580892693
1.2432016489329383
1.2316027087688386
1.240289935715306
1.2595354259922256
1.3256343607723915
1.5458978558525558
1.7780807443894362
2.039430981089089
2.0197816005950497
2.144613564151106
2.1706595187894977
2.0723025066427287
1.9877738524541224
2.0867015162094065
2.108274916043487
2.0788099227217125
2.3169758241158034
2.77603845606906
2.983265370604326
2.8955191970856267
2.67690618263793
2.5842833091567368
2.6273078443097098
2.7856289721243317
2.6357728152123476
2.8104813880622266
2.8808738520369723
3.077747689232509
2.867318310205743
2.7920569333652177
2.744058827282754
2.8791159972117817
2.8784628068942255
2.839550765258011
2.791060552727719
2.5940608348879906
2.615174047628836
2.612876718614247
2.7891388914521764
2.883065610084632
3.1189508760123927
2.98090837384826
2.977456312584487
2.540151735302601
2.4464753424746717
2.4617880262278704
2.3396635078122827
2.378604194609567
2.1390649867744247
2.064528264767036
2.108554987009075
2.244341353706688
1.9902208266288506
2.052613945503829
2.272959427680137
2.124489115918785
2.0134666522565206
1.8398591406884965
1.9054550853452934
1.9144666014050185
1.8248555569329206
1.8507622931239804
1.9235310452324104
1.9177971429602554
1.7773084104177757
1.796420914033313
1.8343122235693143
1.7514582887366337
1.692936992728728
1.6561916410638569
1.6413667487362789
1.6594513673926605
1.6224296974054362
1.5871032604758493
1.518688881736059
1.4822144013104248
1.4512092773341245
1.4225014588915372
1.4108459006046874
1.3935357262925319
1.355844073415264
1.2969766505461118
1.2686320510474247
1.2355481990287258
1.2534890064408222
1.2429121993611068
1.2215311968773779
1.1804478612182163
1.1699056114287942
1.1554780626270935
1.1623348088129644
1.160270677228319
1.181092821817588
1.174943511020273
1.1892816992005244
1.1616984117549192
1.1695970778993876
1.1533010456302673
1.1483895841587646
1.3113380060436344
1.6093929295577685
1.6740969838988446
1.531733923703425
1.8423672342175943
2.1304139029699916
2.259242627785632
2.1176871288743238
2.384887771980595
2.433354223220747
2.6527773376622124
2.4776573938477564
2.6025809541773013
2.570117015717302
2.4095341201781384
2.475887377732337
2.3523861077144335
2.559337480316335
2.6463439280342724
2.563117670609843
2.388240784858033
2.5266705612127356
2.465860981035256
2.3806381429810206
2.4296921200231054
2.451589665015983
2.4568781262656323
2.558843554513682
2.503865877517157
2.61223114765147
2.6180853701870905
2.576155351154733
2.640634292594314
2.6488788796276794
2.5778183414645226
2.5557898351823294
2.5630139125461247
2.36607406244787
2.2916918856005832
2.4304771748557767
2.3808414881407467
2.141698422238042
2.0117546748503328
1.9016018015039613
1.8826846855204187
1.7798270056663281
1.772288492700583
1.818569483778208
1.8406636966502625
1.8150698018339395
1.8389166856780164
1.8652819790053539
1.846766136616107
1.8782901572384547
1.9044064414090205
1.8747542296706268
1.8685951728320322
1.8597102465184212
1.9172577215233562
1.8820408531310826
1.7593247961323804
1.8123471659004604
1.811260216568652
1.7760251540104341
1.77388499242881
1.8385370415264355
1.7573066322542417
1.6998648945367714
1.594293024773487
1.566356864425237
1.5131862298713816
1.4858040292927857
1.5123032242814691
1.4776149650348567
1.4865984134278865
1.4391224842727437
1.4268476097605034
1.431982740599636
1.3205955277325818
1.3106883760429233
1.287319762804842
1.253783904762437
1.2507512465496107
1.245232078018923
1.238824127023552
1.2412642592182563
1.2257055950448357
1.234082671170294
1.2431765206006036
1.2474076191824746
1.2281565159891112
1.2072221205709697
1.1949090314769144
1.1957525356100633
1.2007277722873653
1.2321710664545877
1.2412233623448816
1.2528765895901572
1.2218569395727674
1.2161910777431437
1.3037602093277207
1.3199914575899843
1.6806744096547097
1.5356430881894887
1.568914039546508
1.608546923112662
1.5348811083843046
1.4915469873979146
1.5094558174231514
1.5666120008545354
1.6022033467508259
1.5998201603871918
1.6523350305921047
1.6031642571293092
1.6337659196928982
1.7267610028486482
1.804787163538878
1.8403102600398658
1.661692370220278
1.892743917701119
2.638844140995178
2.8409184652474924
2.502127058175691
2.2456743988577252
2.171912757489537
1.857250563135386
1.8517972180160367
1.8947437531696087
2.009091310354687
1.9323806109446628
1.9442336237567281
1.9739157493348967
1.9035343337471626
1.7337621737625448
1.7510601736295075
1.7793381476055719
1.7690645186523275
1.8636257405057093
1.6575749646710751
1.5844668805806095
1.6777208161290382
1.589721420031641
1.589217152293584
1.578959660799447
1.6201884230231283
1.5995813006009711
1.6434810518762442
1.6706316903771086
1.7052467514012093
1.5059205045471151
1.4180765632872325
1.4767143499330277
1.395365281219832
1.614088061779723
1.5371203333394179
1.4472075337431394
1.3731571410606378
1.4305191006562783
1.338071642246477
1.3731427083528778
1.3393567615704105
1.3087212071627583
1.284612377216921
1.3772742571494268
1.2823887375841165
1.345984267067495
1.4127021213930828
1.2343012119949432
1.271930957959614
1.2641090096326753
1.2073012713599014
1.1947678554408574
1.1941453990072586
1.1797223812494282
1.152326769002315
1.1286073553615066
1.1383601174739664
1.1043064977854689
1.1046523550633927
1.129408006371358
1.1783169586795916
1.2278703131371906
1.1901980747172471
1.1108528591984528
1.1349766203032416
1.1644381749153647
1.098752798001191
1.211896455195528
1.0249240117731788
1.0175956949810467
0.9982734376238444
0.9827056480341192
1.0049130969433413
1.0248532542759907
1.0281948318515417
1.1094340979983832
1.0995603804740628
1.095316219601044
1.0850488475090325
1.0904556129191871
1.0793364066943578
1.1185206301072228
1.0851120045577143
1.131550323555399
1.131768969402542
1.1683789327394591
1.262191516099035
1.1931104972754931
1.2858474675300025
1.235130855016834
1.244476313009475
1.2266412002434177
1.3284065575252644
1.250893113627307
1.2459072968694371
1.2930682803776934
1.2550296516379875
1.2404907396656601
1.2472378065366236
1.2807482095047042
1.3028679480442602
1.3978596086040096
1.5333824011101018
1.403651966623977
1.3994569376239827
1.3807108829294474
1.405042702097152
1.4559972952536515
1.4254508438756786
1.420570879397081
1.4092515214196213
1.561021704123336
1.5743269362790713
1.7076657836406695
1.7151325577767915
1.5464543655256955
1.5616402525056756
1.6868671031554687
1.667362651692573
1.6122092198586893
1.4693817919249055
1.4898057143484722
1.4564983049272178
1.4477235017688974
1.4890054208062402
1.3870029764294425
1.4009147698708353
1.3783201474639633
1.3459206021429204
1.316716390595058
1.3438336993420994
1.2956226384225644
1.2635173096372259
1.2317920435529819
1.367527370127615
1.5132612302971098
1.3946388279836193
1.4100689027188957
1.4611595081171749
1.4655667693736016
1.4071564536937986
1.4632139468110519
1.2695233483007113
1.357124954078587
1.2086947236374534
1.3833203861351844
1.380408511964031
1.1875118521572616
1.1321467733458626
1.1171589153997599
1.1003538154425343
1.0923470332606957
1.0914087445479794
1.0750125858245045
1.084536428571061
1.081118692040203
1.0660083901406323
1.066091718262321
1.0305322955086593
1.0407389267697507
1.063305540873034
1.0428385787696515
1.0142980830287487
1.0254320265446588
1.0067559831201116
1.0029745584787053
1.0245151985721463
1.117636710759182
1.3110183963686728
1.520489843144741
1.7053914965613866
1.6159378875719477
1.9648452881143348
2.1721775832939514
2.1452807157588776
2.1503072479782834
2.3539647496377762
2.27776557603027
2.455406681115659
2.6727630213794717
2.7888934656476123
2.863816732813319
2.650425960260942
2.5527010964964068
2.5059943226620773
2.5370285353266215
2.533444622450959
2.50813201941983
2.530608206343742
2.4023934750717664
2.4093476556634434
2.6096153089619105
2.7726687464175566
2.792580243038612
2.69029339221239
2.6839612116159284
2.7283668532098915
2.7553301142928426
2.853291878055555
2.8726446779067136
2.767832327099914
2.7438406176070136
2.839441565258851
2.78531860761059
2.6942979696009455
2.396065826733335
2.298074675874074
2.19926836373076
2.243685444034313
2.2320419408980556
2.2264543667474808
2.279068327633154
2.2229910667741173
2.1220269094861086
2.0164777361043305
2.1331307739168386
2.186177908992728
2.0232820908907083
1.875339066222075
1.9282231335572833
1.7426176801460505
1.7628551380549222
1.7331751834444789
1.8664715824193063
1.8577738760345865
1.6557626872656583
1.6984373159697093
1.6954730256699264
1.628403629411559
1.5357444335583323
1.5911674340643536
1.626179597170599
1.6281583907037676
1.485653189090446
1.4804122242987037
1.4249864010844613
1.415154914183463
1.3964825970087673
1.5238900269895579
1.4834028604298664
1.4258255943844478
1.389922926644425
1.3323043770589806
1.3196245069378334
1.2862195980568918
1.2547778272229422
1.2232588320170612
1.2219577108187631
1.2479259302035455
1.1883616498620841
1.1932925579994806
1.1635246518906845
1.144769532844279
1.1429621081244332
1.148962018511018
1.1457128121817968
1.1220193587482898
1.1117277370739085
1.101213450616709
1.076035326825531
1.0822074584552726
1.0555920636795402
1.0797757487602333
1.2400835614303563
1.3328459220072506
1.5080103142084622
1.6615915033498618
1.7119934158654502
1.7325969028037649
1.8939084564018396
2.1496357350802224
2.130134373939883
2.218619531323867
2.2085827991429943
2.22141531839914
2.2790752244072943
2.4773207293342168
2.6579674924610055
2.4832790647722627
2.348556575485822
2.2755952308856715
2.3883146106639166
2.3759948881780217
2.5037305646149717
2.5582932061308186
2.5269246902430393
2.600672179998433
2.6884834631940517
2.7912337688554194
2.737227095077232
2.615459370207287
2.4879170582849786
2.7699876077285
2.6679129859329027
2.7443387176031826
2.9105093711638865
2.7688740464467414
2.628984986232295
2.5114761484263686
2.6906590696289316
2.784343810843893
2.5745873963280816
2.5871463865540716
2.38535902681568
2.380068939759592
2.2483912698045723
2.1924866863635626
2.0439508907317463
1.9297805561259507
1.8090634599892763
1.946975897929186
2.102813419311297
1.9232640787567137
2.0324062488850507
2.0679353389343804
2.100305319330587
1.9791418105850265
1.897846814436066
1.841929650766625
1.7746318607324658
1.7708287315419848
1.7738310222226215
1.8011617836365945
1.7732269693299578
1.7139355512693202
1.7022167096516518
1.6033521752468423
1.6210358185024907
1.5600885771743163
1.5482774222269828
1.5312044033220704
1.4922621902861615
1.4816495577912032
1.4676269335567453
1.4347336690304728
1.3669492681823163
1.3717344665338362
1.328820194280763
1.2935807277643867
1.286042797855584
1.3328856203692174
1.2685833531326933
1.2200364179784418
1.236030921092877
1.20615750977994
1.1966461201578886
1.1587278547896251
1.1423437977323356
1.1170192620719759
1.1319072046053822
1.1586183208356442
1.1367276062888367
1.1305143448690627
1.1282115922522324
1.125321984658722
1.1051681954595614
1.1466227746456379
1.0910975506020122
1.0724761694669591
1.2156902551663504
1.384388224836649
1.596438523205787
1.7758197089229548
1.7147699706828057
1.7840316475694746
2.035399561765256
2.083497613008241
2.338245936855443
2.267796137397267
2.0594297164191513
2.21328898942938
2.25136028591077
2.2882419985303417
2.5522686610158622
2.4814508228508396
2.467379768120349
2.3646657366522503
2.5251905902563756
2.4929011421176153
2.465268913297874
2.4175980491483777
2.680512411642453
2.6570875569839023
2.7283897209516508
2.5786287995228063
2.6841242825824163
2.7711936754611597
2.9703951223162135
2.92768475490276
2.920713529149923
3.0448242733566877
2.9099073260072266
2.7784576721794867
2.8234758750590614
2.52133802254407
2.75707800460198
2.834963200777165
2.612539150874907
2.4739187325861876
2.414416804011554
2.2792341244060723
2.1252266513969835
2.2069148991558216
2.1985476863169473
2.3818204526493467
2.235575973128941
2.173107412319059
2.3617342786102795
2.2401036892231505
2.238230095689173
2.4157458620658487
2.1009710257770795
1.8675007953146163
1.8412264600328194
1.9446203495602057
1.816197988455776
1.7901550174072973
1.7448447408744325
1.72834475444675
1.8624446320347663
1.8947792265832382
1.8603058642030867
1.8070964427757725
1.791306480903209
1.8288041717048509
1.79807371542597
1.7982505150022776
1.763103724523886
1.7365373799545376
1.7091550500009471
1.6598658386261909
1.6049287131008627
1.6354062689731268
1.5952111297370049
1.524635174208108
1.502312767595121
1.4390822905243408
1.3685940795752907
1.363936420177036
1.3688355112323638
1.349631584287126
1.2992692342050127
1.262268417758626
1.2405790575788171
1.238879690146344
1.2398959528142948
1.2144186915350035
1.2032562342702264
1.1978078813617243
1.2212955410534088
1.231413911484674
1.2140042673848046
1.2196203411199753
1.193995531096547
1.21832250012988
1.3351272832800274
1.4234589826006752
1.710085538460769
1.76270929612056
2.106036551544573
1.9057681756654663
1.977764871885939
2.052283461635403
2.1786235058250223
2.265298379351961
2.211960482987984
2.292281230757341
2.432955529675426
2.419752062035037
2.565300357689831
2.467752710052965
2.59269495747914
2.735155975738322
2.9362665580625644
3.0012865833689526
2.7560192175133493
2.7774255560583914
2.6099592218624914
2.53672416436122
2.469326632621505
2.6078686928463113
2.8229393266760905
2.893075664846355
2.7258745371000277
2.638913615188192
2.7547970078453297
2.722918233896958
2.708713485619109
2.6669624956176317
2.7891038817750267
2.6797585568095412
2.568631786696466
2.44840388762113
2.58659350913897
2.5694268221742225
2.5384176320901317
2.389129788077003
1.8985254015276216
0.9302550831680615
4.030228994810274
1.6891239741058535
2.8747992488578853
1.8980374628216965
2.0072897181541394
2.1380194480727885
1.919628139345831
1.8859519013090045
1.9047337657710137
1.9370409173604342
1.9291570537588527
2.0249946005549573
1.9717635461256433
1.88291425392971
1.9087266595136807
1.8893034605508259
1.9016965983916998
1.9174971846388413
1.8923847931367181
1.8356118687260046
1.800943500311935
1.8152115182974145
1.842956940664672
1.6926061889918729
1.6829547008337216
1.6250518085512429
1.5681301170631075
1.5432290968025852
1.5345156277738274
1.5016663653291398
1.4517660964786652
1.438816575118233
1.4157281810356832
1.4073877484504353
1.3899135783114631
1.3551130076109805
1.3982035190237172
1.362559632940078
1.3872013457109045
1.3847396339337241
1.3552119409403822
1.3300745498559192
1.3367497872990026
1.3199888394233559
1.3115711826745102
1.3563821598522154
1.3614210206936557
1.3139134617481032
1.2617302846550096
1.247388370641573
1.2653438936780843
1.1495996464023475
1.271349216356121
1.4762202370336022
1.4682836629010936
1.6136826456538091
1.6752821967929548
1.7742864057089407
1.9484957688852385
2.0556489874159705
2.1310003319977397
2.205897844324935
2.3799045945995654
2.2832158372786746
2.5046950258978766
2.3096860725589656
2.270429934151204
2.367090762440051
2.3602105947510306
2.2504052601116635
2.3775501333273508
2.277236637324661
2.4002759202493427
2.6296532217110267
2.775735710910098
2.6968154921622287
2.627766763661019
2.6346810378013896
2.7964123172026887
2.6234547249845046
2.7981805171890897
2.83027931694222
2.724304604854038
2.6393993797005852
2.6397168216336278
2.503491490423262
2.3281221369333043
2.185857025124228
2.2556855600710533
2.3064056080680664
2.398475062198677
2.483722932510784
2.2933209662332152
1.9769848912467765
1.86474891469062
1.943526122354544
1.979850687998929
1.931595559337798
1.9339106931532932
1.8355389901872339
1.8081656571082854
2.2279878473808483
1.9500635366151167
1.8027091312967949
1.8490737386077447
1.8741469090697598
1.8489846004862864
1.8514924914282984
1.9727212318194345
1.9720598110123837
1.9153659149318636
1.8842093061699159
1.9397731418786741
1.8728030518314929
1.829071703777554
1.7287160915153277
1.7919668815019667
1.835128408536882
1.819506285199316
1.744693889630427
1.6391511425743188
1.561068724010369
1.6365855676762657
1.528285368229729
1.4759910986410498
1.4417843085419721
1.5073886916325978
1.4173115245144334
1.3679182268938133
1.3692989624639478
1.3609785984195695
1.357074214824716
1.3443689944962425
1.2714005392707481
1.2592348582958357
1.2226258557922134
1.2232091847273674
1.2332580039113963
1.2175483593273086
1.2241882769801284
1.215846508978267
1.1993783500493198
1.1939018817252685
1.1946911941939038
1.1584450820925283
1.1698002485163144
1.1516348317381433
1.1800809983161273
1.1898298958454079
1.2245992332137985
1.238435814955649
1.2401209480136874
1.2500558305355778
1.2819192778111042
1.351384712342463
1.3421078529194252
1.331149554278362
1.4871715965301102
1.4515330294045932
1.4555316348707026
1.486352143854339
1.5186761711115642
1.5464614397191891
1.7465041672129344
1.5597577686491861
1.4960277161781996
1.5651455371817042
1.574229534112405
1.539820802146352
1.5625287331190199
1.634325081932756
1.6442009329986582
1.6876368560643364
1.8742988853137208
1.7799614596873528
1.753161697835613
1.6749451661519925
1.7373396128393266
1.690580856364019
1.6505302298304878
1.6282414805078302
1.6418280791346136
1.6558279840393497
1.6992849546728677
1.7817395895225863
1.681212406424765
1.7526665703913458
1.729119631862766
1.5614483667036163
1.6584602680570433
1.6741243305596094
1.6380164544944074
1.6399250583552067
1.6295699442050415
1.653050293688683
1.7028928320644743
1.7640399832070996
1.6835354967294793
1.5452848996375617
1.551404805852712
1.5365034624865046
1.5744955193101693
1.6091248414757904
1.5769010819229143
1.5320679870377545
1.4565960927450716
1.500827090779156
1.5724385093919075
1.6069098919804712
1.5726307389676024
1.5331852903266903
1.550084343405182
1.5409890535582633
1.5145062129439302
1.5354734231524347
1.5791362860007618
1.5312460501954153
1.5101805522824834
1.5325108901451554
1.5252822904323937
1.5105985499742067
1.480614000749019
1.4810859563552652
1.4422185312330513
1.394727162078522
1.3490505632685468
1.3437660776452
1.3463848614994725
1.3288292609470693
1.3329939951565777
1.3021865242974233
1.3072405555549276
1.269547156011062
1.2476265343821091
1.252032195457044
1.2117200826839034
1.2340106953398207
1.2199426406905014
1.2002160212660336
1.2235893080455957
1.2339639068000132
1.21073106813987
1.189828489178797
1.1806800491256566
1.176587197413292
1.1596472945447567
1.1910606689215013
1.164176419156452
1.1822241009393015
1.193946082973512
1.1831349065281094
1.1411481456965136
1.2863430482603195
1.2926152950944165
1.2583303662484437
1.3111935778978483
1.3650109059676732
1.374434281843222
1.3500664401031794
1.310676743126719
1.3638395120914621
1.3806684553454982
1.3249218323523366
1.3469714585594965
1.3817947792590755
1.405019721461199
1.402539125726436
1.4862580734414104
1.5317980418401478
1.5315738076823915
1.516613831610181
1.5777485568892387
1.6282713415483099
1.5853296676296589
1.5980656637902426
1.5720689762815916
1.5211355155971718
1.5149889929247462
1.5368190364322982
1.5831757647985807
1.5559933825453782
1.523231852388871
1.5411344814691512
1.5994118862367486
1.640059148788238
1.610564830585237
1.5942611022747555
1.6430443382529505
1.661057062953856
1.6092785758446813
1.5970414690392734
1.6715154106632784
1.6067997140681827
1.549289046978451
1.57766572126753
1.5741141543253234
1.5967049482193127
1.596080632885959
1.7067740642926885
1.8846580500213712
1.6241017584769022
1.6536166707495108
1.5981281967044243
1.6487513544845072
1.5650726001012691
1.584533245786306
1.6022822584143568
1.6044394181203059
1.603761117105592
1.5677272783291152
1.5940743326988436
1.5851838297187872
1.5479629139061468
1.4909967288781134
1.4956310284856293
1.4977009840283766
1.472024850465321
1.4612751425591433
1.4898518605902726
1.4891678656174523
1.4272896801596042
1.4680819139553325
1.4302745179576635
1.3845281104004623
1.3596212803485044
1.3337612467927564
1.2829895221435768
1.2776034450659337
1.2646289239148283
1.2270789385319307
1.1996225706646153
1.201619283710273
1.187282243863309
1.1885290321470996
1.1979446757312888
1.1824660119713557
1.176934636982819
1.1676916344334367
1.1701468318358756
1.1523492727514206
1.1284804828665478
1.1317264448208983
1.142303650858931
1.1760134051444258
1.1516058725726275
1.160807071717485
1.196774235956993
1.476550188643968
1.4216033535826886
1.5561912589991964
1.7642875735277768
1.945808823744614
1.8639857985674564
1.8070726828761385
1.8378847019940043
1.837764795543314
1.8428675148589075
2.0438968326676457
2.3841455203734006
1.6128061714670012
1.6786138096705576
1.6738711484167104
1.6337704584025408
1.7581064993817659
1.6930220740758737
1.6308399003605631
1.6302806745584129
1.7112711158710054
1.7330973640902387
1.7183281351715691
1.625325606854586
1.606082177970328
1.5582872331766247
1.542636439748607
1.5387947526813788
1.5436723042849736
1.5518056647951164
1.5606638817347893
1.5039704885709155
1.4536209311966273
1.3663951314266454
1.611081319867364
1.6777893774188335
1.3992840763349896
1.4187564213465196
1.5177437689723126
1.5435408872068623
1.590188295144928
1.4817773202861262
1.494359147702836
1.6175231923920699
1.6325046424217602
1.5760895469551617
1.4922477342450693
1.5226095122052672
1.5386370051100584
1.5937142410464857
1.6161468139050958
1.6489692505175157
1.5970555032053828
1.591353044056978
1.6050687049702999
1.586324574673458
1.6257529308150496
1.6232107975827315
1.5577628635167318
1.5835963983235328
1.560812800687205
1.4714920919086758
1.5192028721868973
1.3925527221649265
1.3427023583124686
1.3308083089934288
1.3393439461542531
1.3267235060307443
1.2964356118176106
1.3020042770129985
1.2902894651868364
1.2879709917372977
1.2817605407340786
1.252304284196232
1.2362461217093261
1.222856087658065
1.2114815218600492
1.2064791533088257
1.190899085802922
1.179648674374973
1.1649637853751647
1.1658076874249645
1.1269703573015546
1.120641891511359
1.1132993538864584
1.1251349923744856
1.1481478608350362
1.140791931960668
1.1639590497900896
1.1648764274619698
1.1928171340600389
1.1987942486141965
1.1888009921362928
1.2288504926282022
1.2693272691447994
1.3479277297714978
1.3946755818722383
1.365226435542442
1.3946768116638562
1.3746630964174629
1.3927145513251626
1.4315532874901833
1.5421344376794164
1.5497014090453987
1.592488880261844
1.6270404747222205
1.658368459102358
1.6620100777076532
1.7208555578693439
1.628028047391311
1.5593374442874968
1.6065943180346773
1.6076590571590352
1.5903079855568378
1.5564839075258865
1.554626939266342
1.5672742416804504
1.5565291971074198
1.6065646811924237
1.5247259521211673
1.5251313800217237
1.4938368412652567
1.4858446680411708
1.3520481581494332
1.3899764285172993
1.4307944470603877
1.3674091585807087
1.4970559761373403
1.3909025312381609
1.4791127078920083
1.474162537049428
1.456403256540852
1.4733875689528382
1.5757544671768098
1.5157753293518332
1.5657395381997672
1.5692795655590994
1.7240646533668256
1.736641935575383
1.6835008826870184
1.7600104540218011
1.7118205063533645
1.731327003078246
1.566517462127189
1.782339667509518
1.713896400854209
1.824690842909967
1.8060173186519863
1.8906901471623903
1.7289244048403831
1.82139714387418
1.7028598429594295
1.7717881745954636
1.6780849566522282
1.7839266314047912
1.7621536270616394
1.7605029233772325
1.7248440893775205
1.685369002404453
1.679387928475453
1.6928337498161636
1.6653168863262522
1.5888508462397397
1.589101778104769
1.5571912027061143
1.5382671911664203
1.503989970236808
1.5352991294093608
1.4956655641092569
1.466737342758761
1.4451862875734565
1.4382329640997569
1.435173573596326
1.4409184635763779
1.4153759856330113
1.3789543152052786
1.3521380929375262
1.3316283593775098
1.310180900021422
1.3012707985004774
1.283959558355031
1.2785199448211817
1.2979767359230385
1.290212697689887
1.2612938471723523
1.2980425259204242
1.3501834590568633
1.4681494112892226
1.6538080130871438
1.8382728665071484
2.08594838718294
2.3383112304033276
2.582686876910951
2.430794974853333
2.5761515350257294
2.6666499633619716
2.384069336503019
2.651758463476501
2.0010736297711893
2.2541034633090278
1.9572339268825507
2.462253832675901
2.7391208111917007
2.6955357824946513
2.631969599112566
2.4611440778457263
2.507201483943116
2.4750170616099982
2.1298641029742202
2.214586660387142
2.148638093152412
2.6133015411916247
2.701106482451807
2.252413443967187
2.185363825128021
2.5638361673785104
2.9696428868381273
2.77307197867252
2.946050064438933
2.718478317802073
2.3573700012244903
2.0455851430907495
2.0970567838717002
2.168334457517058
2.300768159724327
2.2877368340180984
2.0188350973765226
2.459936203661468
2.041020319786543
1.9970801012681667
1.834311449819345
1.9470950976293924
1.944485298774763
1.8515384028848072
1.8513591653919297
1.8141451215314226
1.9374261915510191
2.1591700285552817
2.020615997362826
2.1093095773258517
2.10131511932282
2.064322755091197
1.9630540429668208
1.8350992536283306
1.9740505853082773
2.024233885189173
1.9760404577292066
1.9776906697469665
1.9372526580204954
1.9212793355302182
1.9464861720285889
1.939148833986815
1.9123516023433083
1.8618106362266256
1.8095658855943122
1.7801664582208736
1.6956813009530123
1.7025301525558634
1.6911695265489608
1.6857881709294633
1.6182989252779116
1.5734635708095086
1.5512296810680037
1.5079112694559895
1.4404803056771218
1.394965547485716
1.3951725135191586
1.3796684405935684
1.3736198193755855
1.335110680072468
1.3161749304082406
1.2927997690454196
1.2435662143351183
1.2543917411966172
1.2765014409430568
1.268095687318738
1.2753289486979806
1.0730046842376246
1.0974681320155346
1.184774435421294
1.233443426820695
1.2144829825741155
1.6060181521643688
1.822059224696362
1.8851155209855945
1.9457908689060426
1.9413890399076386
2.3398314820045387
2.269221876095979
2.2360156795771715
2.6785668213348357
2.6750931762002605
2.827407355673986
2.6331783829742377
2.637900357131469
2.5020118775314155
2.539495286920553
2.38537843649295
2.228347363507116
2.3890541493679063
2.6436426635389187
2.708449198524367
2.692886017998901
3.2142986107629516
3.4338363606874074
3.1512290693125307
3.3419504807489324
3.271576678064366
3.2692187780825
2.9390409290089687
2.857441378023642
2.8409788555696087
2.585957909143858
2.0492576713360937
2.38935471710753
2.430435823243192
2.5732347673062272
2.578991944681303
2.765567281956045
2.768413498063187
2.0673367453905973
3.0470147572108086
2.3455376755090396
2.199355431472026
1.9104163143393955
1.8881583349713285
1.8998063247168127
1.9464846601536485
1.9325313286247712
1.9406175368451204
1.8174148573657551
1.7245666458468787
1.5429228126480892
1.577142805246642
1.6828649770872872
1.6864032717383546
1.7072094844532564
1.806793696329469
1.8347856085505037
1.8974683114763837
1.9173790994352002
1.9167717309176682
1.9103602542974372
1.8690441669808573
1.7954606949048024
1.778856281606269
1.7305415693594564
1.662341572277814
1.6937485389464804
1.6939301072725985
1.6877078241865162
1.651805204154825
1.6227682678086492
1.5696102526292923
1.5449547634006802
1.5209355908134496
1.4860009444932942
1.4220675887004444
1.4079052398882055
1.3687492897774565
1.3331077934853888
1.2873356946792085
1.28778562778633
1.3055344754143876
1.3007644353955983
1.277511038611272
1.289018497529007
1.294543500434463
1.2748404516340583
1.2606053540747104
1.248576315594368
1.2472083489820596
1.239121332428409
1.2141162727970205
1.206453321226519
1.2043165569364263
1.2012900258066899
1.312694625388039
1.4609099081190946
1.749154112353844
2.076517496932892
1.8777002403974639
1.8283399020674127
1.9414637786167404
2.2643888793589557
2.1624459414333135
2.4269137555283438
2.345615491637474
2.281938850191722
2.334631711076788
2.2597171535884337
2.203537408859217
2.3838650848916862
2.4471171037600588
2.5298340257045346
2.6960837631355976
2.7828966785969587
2.7466187950050016
2.671045605263649
2.9307154322988063
0.24179935297904975
2.4082700040588287
2.292215201725591
2.6453769377191283
2.728733266110299
2.7876714366247524
2.965783425577488
2.7773880108973903
2.6825010116271586
2.489462693756963
2.697044953450786
2.8416162684679316
2.6948561050805244
2.7872348269506912
2.584567180122295
2.4492722101950966
2.226274247394028
2.076788135640488
2.3077669564446928
2.179026918725145
2.0037210458798604
1.9848559976378535
2.0878042065235065
2.2486054923835703
2.0074299555287554
2.0992385580484685
2.0468449810320686
1.957596891395888
1.9579663817156268
2.024776758621148
1.967731217124397
1.9432082173130016
1.8979436854030634
1.7664657186723145
1.643636687812746
1.7199016996755965
1.638557184172178
1.5750589453294475
1.6079644863135651
1.641079800281809
1.6367902551535092
1.63990165512958
1.7453341962541906
1.7752956702173075
1.7805034153385453
1.4794968853954988
1.5924798361394588
1.5489628203451125
1.4259427761299597
1.498567091700444
1.6209660520494058
1.6145146972603128
1.4033931279162903
1.3500726476812126
1.260612278241102
1.2168797581038762
1.2426802329119908
1.2684266612123714
1.2091173681201275
1.1993673383830905
1.2170037603906156
1.2226389289166941
1.22261654183425
1.1887202060978361
1.1948727852283545
1.1840264067010176
1.1696366035228172
1.2562707290477975
1.1787220038377668
1.1710785458320359
1.1086746478202276
1.1286504541097935
1.1602285851466583
1.1219789537498954
1.1896745973019187
1.181470156802594
1.2172124016323247
1.2915101384541932
1.2708268280435455
1.3017837770848566
1.3693104660051574
1.4434519993090378
1.473429898345385
1.5304393366166074
1.4921399457076858
1.490691269180371
1.9621744849090692
1.6987678159671675
1.8776886339459404
2.0017369942822163
2.34474717551512
1.9316174980473064
1.9468563527688154
1.7857762669108956
1.7467155441334268
1.773155497041131
1.8209870070154777
1.8180958406720291
1.7544722492418703
1.8850915632181915
1.7494388129835472
1.791780370051045
1.7660972316966013
1.720471604134601
1.6960260096893145
1.5527898995476732
1.57802240333669
1.473780965187206
1.4791084670588435
1.3897598674842377
1.451952338971264
1.6294069068231976
1.6347497219158824
1.6228790440542473
1.6643453149065257
1.6167788101461253
1.4343968323771907
1.4365349441672297
1.5070923082385321
1.3875493698637418
1.4943938239906047
1.3329223118260929
1.5452782139218375
1.5146263722220947
1.4787147195744896
1.4914162724031086
1.4935125977364747
1.4872014756588237
1.390972389102723
1.5197757076663625
1.4476235033099434
1.4678853504214768
1.5882360743891686
1.5694163603453302
1.496836908437712
1.4455931798489547
1.444746652590926
1.434116226763341
1.4939213989702305
1.4891463566599739
1.4897808212180956
1.4987972594014811
1.4946521118578613
1.4411778302327383
1.461326008390455
1.4317822891477503
1.4101146835504104
1.3559019444546307
1.3472330516741013
1.3120588955717971
1.321981641010836
1.2833820275446468
1.2426577524962172
1.22352889388133
1.2087500411352556
1.1781482950595927
1.1270639587561686
1.1081109647176266
1.1204879344341432
1.1347980194905114
1.1479938575078228
1.0953659262657356
1.0775404509323894
1.0714785676316005
1.0551164876567711
1.0749677762429517
1.10659128019468
1.0762147164017362
1.0617159182278666
1.0433784218731998
1.0737502175413332
1.0910368914377557
1.093936843197522
1.0940494809013794
1.0916624878712302
1.093690292998986
1.0989367632071765
1.0929659755277674
1.1247305011405588
1.1281720076704722
1.1553662563815366
1.1890709606672318
1.1795377814627128
1.440601537307543
1.5104494819316383
1.44005627924722
1.4074410504658035
1.5194932850878893
1.6863838741269275
1.7185728254922679
1.5579491202759994
1.5082020529166649
1.3771136317367538
1.3649018647220061
1.3795215258077393
1.33211657623311
1.3972541247376986
1.3428407638658646
1.4247787890421375
1.5125363915930075
1.5447511010226658
1.4512604533545983
1.4009953182573123
1.424413653561075
1.391359388879012
1.336362915528589
1.3294239736464717
1.2648066354337613
1.3675661927079616
1.3392800057401273
1.3766811023152787
1.5607459815448117
1.4389338276429497
1.5753360136906656
1.5679239943928318
1.6545985130810639
1.584119884590851
1.5727992556456596
1.512499600106999
1.5194806067045987
1.4092609871259998
1.4682372764491591
1.5142117602472973
1.4757486836506826
1.4729784156357633
1.4609785344459294
1.4570733146002146
1.4172184020035097
1.4533249666250543
1.4760232917647704
1.431425221036939
1.4088265214228897
1.3453051412662664
1.331646974793437
1.3855030551533885
1.3016823636924566
1.309319261722327
1.362001118557214
1.3412571329532301
1.325689717530157
1.3205502385677148
1.3004383764502219
1.2600357434723446
1.3094706523413115
1.255727057810223
1.2127047276447769
1.2078159811723717
1.21335358928566
1.1909343474681875
1.123194873076579
1.0730367477780172
1.0554409543105445
1.055423323061245
1.051048600735081
1.0147675675934265
1.0264321102549192
0.9995495127814709
0.9642571539755299
0.9649707637388402
0.9388212685279279
0.9192464630557606
0.936060125512646
0.9770449311953011
1.05255156287265
1.0840767981140629
1.3455079348130938
1.7282464221920626
1.9691192300169484
2.095499545173999
2.422150058790788
2.3302589175620314
2.5338594514800272
2.6535818086237675
2.7994936042757654
2.8948068680588466
2.9613197514182694
3.1700083240068104
2.995078660836052
3.126804750145537
2.634747592639588
2.5878864607419287
2.7319658402789875
2.6696788310806125
2.7250776919448656
2.683471272910019
2.8238702266689315
2.7774621947677876
2.7130946307467045
2.910777826000532
2.7306333467408477
2.831284407257071
3.0011574317570426
2.7095660275480364
2.7350667273519123
3.044139160458731
3.029469334765104
2.874051732734603
3.034297963760226
2.9459932902458217
3.156021427340189
3.068420550594566
3.023223857393783
2.8876840035974993
2.9294070613411267
2.489957703430575
2.483698626059358
2.5905278703990327
2.5198629451360595
2.4396084134952267
2.371168068860306
2.2804859018158
2.2045063927227333
2.071182787296501
2.1748197316607283
2.099019258050155
1.957633539782703
1.8728846694667578
1.6821619935142365
1.6145631230663922
1.7940818152341151
1.7009755288534139
1.7368937027707185
1.7503144736352418
1.8520975986588875
1.6066860392560063
1.67412963228569
1.6300252648829576
1.5822091039603858
1.506159765835598
1.597365065134145
1.6217340617209186
1.4517933216859165
1.4803583940925091
1.3956295566259973
1.4192174011053673
1.3929326586081623
1.4027158559277466
1.4009334180819075
1.4083139085236063
1.4172144116809597
1.319684604643779
1.2758338122195858
1.3866411086902903
1.2027510901236322
1.1623176240219806
1.165007856206747
1.1266289046067894
1.0951134119007693
1.08510217354858
1.0500859572316663
1.0349832461651274
1.0345998780553611
1.016906792300088
1.0112860091901044
1.0273835668837783
1.0440396197635928
1.0350553397039295
1.0269941304409196
1.0281784076855276
1.0606898378519727
1.0707016045374742
1.1779496425533846
1.4930928820651261
1.6585811388568854
1.8945990080094322
2.024103787658582
2.0236044263721005
1.967370610675558
2.2465396214317166
2.207262450766052
2.354581117374971
2.2338649183033903
2.1949303895705747
2.516902287094314
2.691032563174446
3.044731228196113
2.9046195905640233
2.9567818966144594
2.8776075359330613
2.934226451626642
3.0484417636514465
2.9713896965021127
2.5460086771930395
2.824480249244885
3.045919334638588
2.8422493200759664
2.8233962492532223
2.8161531138250573
2.6039814799729815
2.8142778912588344
2.924521471056121
2.8765268262639534
2.7982708429948464
3.0865841536806777
3.283025913460181
3.3072869906929467
2.96397913849459
3.1799021207049116
3.018697963880204
2.650973402192216
2.6881123438420667
2.611701308945867
2.5055014839561904
2.2821907985768806
2.3174995015311315
2.0367706972385817
2.2076192475375014
2.372427294657073
2.383457688120626
2.3394657852331577
2.1540306673044864
1.9474656463125164
1.8879326983832827
1.9375671302596125
2.009744868414177
2.017007952229285
1.921145611031071
1.9148214014022904
1.963471613931351
1.981584062179147
2.058272809976436
2.0452955455601147
1.934405662541992
1.9253275916440689
1.9123250949698762
1.7764788798856268
1.6666174968595941
1.5481819397059566
2.0450470358846062
2.132101567473141
1.9037090208425937
2.0859277097637445
2.155198283424538
1.9062604756616803
1.6993894417688384
1.573026900805199
1.4575354706244108
1.4078750632227381
1.4058776933021064
1.3517206348291144
1.3408067204711278
1.312431170348671
1.3132308840668934
1.2749755237120246
1.2403633990457201
1.2606645607390246
1.2306596981813105
1.193381954037595
1.2019047751572618
1.2052340054416368
1.1936463117354237
1.1702923774550924
1.1831168186121614
1.1559076936516883
1.1589552168639239
1.1761564201387427
1.1859060074596623
1.3058832157630058
1.4326172438205624
1.6128257553378185
1.5571890977011995
1.793306176530403
1.7866614540008618
1.9884780169648348
1.971773523544921
2.428655471643981
2.2776035889347415
2.197200502456341
2.2770055437780505
2.542082467545817
2.646957766739228
2.6520180441196652
2.6062884122133037
2.596363780031569
2.5243678031659296
2.4596439810830706
1.330985576860268
3.464012779810161
2.5133657000247394
2.5155345935564464
2.541114374004875
2.360497565716565
2.443583784432395
2.787493485013218
3.086400592391766
2.989031077011596
2.760928933604621
2.7747075883373604
2.7642454916436296
2.760235836835758
2.357860304446526
2.495324535647364
2.573367547950366
2.7337656015554677
2.6937922405725767
2.7977165139668516
2.5978932638907737
2.541787338515828
2.39133277838264
2.257632431023822
2.1378966448479266
2.239075376327833
2.0968759387118006
2.1335472513329905
2.0408153552719903
2.0116050264643865
2.23316166347009
2.1230028030269894
1.8741135952637582
1.9666167526168397
1.9255811626098611
1.8901554693339293
1.9109744594963929
1.862794424383071
1.8725664985014636
1.8085726054452473
1.795505222194699
1.832394761145507
1.7064130149015724
1.7512486399949645
1.7220464663636883
1.6849207340889323
1.701704138005353
1.7251069227004097
1.6867050569346962
1.6355361170929674
1.6017095305204483
1.66729100975764
1.5926026329127079
1.6362058132225203
1.5791909362416627
1.6009647683322663
1.5058871271280172
1.4823880789216497
1.4843881014869127
1.3782893087545234
1.3583939669720526
1.2835019879565466
1.2567707802687493
1.2435871139176211
1.2379539243497975
1.2273321083135371
1.2056767095907122
1.209280594864173
1.1922582307489145
1.2085169863528495
1.2085268030191263
1.205935104372111
1.2215905202083541
1.2117606155989593
1.2233826226371423
1.2343438297015832
1.243084594145923
1.2289896647060048
1.3307399800879633
1.6172475327231657
1.7351372866551946
2.113265712779296
2.191255399276258
2.3588982237933815
1.9202571561991943
1.7891893281749685
2.125092977204463
1.9704506396841277
2.2678835599772396
2.390853000966975
2.2977347532960435
2.5276818160436676
2.839228068486299
2.9117979743797826
2.103318406404188
1.911180701430291
2.0022341781493607
2.492202790510082
2.785362143094126
2.7971783204226033
3.0333576347351996
2.926136571043699
2.6238478056266428
2.670618976234671
2.6034568993318548
2.7069258791812447
2.711335679147329
2.6489508957561583
2.566853602839174
2.63428233457865
2.6952294018518463
2.688956721254928
2.6333160636183397
2.570657738293788
2.4388255328560864
2.5692349092724727
2.375268778506187
2.4891956905332098
2.4003791299259687
2.353488604480148
2.2751515470181167
2.548390532013431
2.432750194193134
2.2279579183488205
2.232669915086775
2.15360457053357
2.2634630567854304
2.2178313958460576
2.075420816296165
2.153686570532939
1.902750004720937
1.925324501321512
1.855056821216774
1.791109964036018
1.8189899418865005
1.844408611621249
1.8160282290875216
1.8147685201792445
1.78770898625087
1.782222530847506
1.9091835885424246
1.8679958146656481
1.8605914276258209
1.9146242272102583
1.8524464147852375
1.9441037527899858
1.7786004314822133
1.753018657485412
1.628180522961662
1.7174284319526825
1.534323284973833
1.4172501036835408
1.4878370724281293
1.4471550211281083
1.3416472014793965
1.2973760688635736
1.2678883112853119
1.2229568576540606
1.2024622722184424
1.2115154470670346
1.1910117357984458
1.1893937275294064
1.175247487883194
1.1577812608689062
1.1276461399830349
1.1283398816221348
1.1217763695912786
1.1313408500445536
1.1459198605069023
1.140972762161816
1.15573098615871
1.1758801363997216
1.1894832166582292
1.2047844746050642
1.413041502035634
1.6745290580890697
1.848750930942691
1.8062936022369693
1.7584972026045678
1.8709713565782473
1.9781445170443095
1.9122333110996144
2.0558447067693044
2.1332319964967055
2.2307342925210163
2.2801421598829594
2.3729460688466313
2.5610579770772963
2.7078975856253837
2.913061716305547
2.786367233408977
2.9725752610091236
2.8434806007116578
2.6953552986250715
2.231511911869874
2.5788872866175923
2.4732796971072313
2.6028310961108616
2.6508828957412987
2.557320957751199
2.7102594823814123
2.7743529625336363
2.631268702343763
2.7508648078755717
2.6746142987845896
2.502937519459781
2.2382382602052395
2.0536894164633
1.9749759815848071
0.34385910058121294
4.323454734490583
2.299209282316961
1.8821824177823465
1.6893659680789612
1.7451283156106125
1.8463417051547686
1.6872300933721667
1.7054869209800387
1.6987737395801297
1.7519482262171655
1.7273216609457371
1.7219747828248697
1.697745972329303
1.7011575711520717
1.7082185764964926
1.7089626225085932
1.771870905842176
1.7916483206812925
1.8686873919950346
1.8980395729120167
1.902839521262951
1.7112782134582465
1.755974126890524
1.7913815729835585
1.7420926076504593
1.7439319909107023
1.715777875154446
1.6861522569566623
1.463830432040938
1.631773857867466
1.6092480931375592
1.5736365758026338
1.553470742645619
1.569300652849928
1.5250782531488347
1.2961090374555875
1.4769405173533234
1.4472126524929358
1.4415973047994033
1.4393654500964224
1.397967781324751
1.3297092804954338
1.3144031067286464
1.2886536385851717
1.3238960103097654
1.25533362615919
1.2181451372202612
1.2019785434876638
1.1762550938848217
1.1656205903490657
1.154717018907335
1.1470404448373743
1.1348678746960688
1.1372940191829959
1.118681177422604
1.1313634015019909
1.1420669287850043
1.1238727765913081
1.1360130834005626
1.1395037088868574
1.0968295547492426
1.0848587514749197
1.1078541755611635
1.1374629358429504
1.145334141780177
1.1460492507100946
1.1570102123578783
1.1920530449237343
1.3448529348181315
1.4542136726867239
1.2754326607771929
1.3263406650042904
1.4391694030208793
1.4667985983963858
1.4583958274932691
1.481995553118217
1.5129592044929814
1.599945204757223
1.6162366091098606
1.653356811176503
1.7311800991257502
1.7067180217644524
1.7176243927894057
1.7536542834410396
1.7331065713408658
1.770213735074693
1.7170996723935892
1.7230478509072302
1.7058232074250093
1.7163560961731366
1.7439786402838484
1.7560401177212352
1.7944871091101555
1.7494512188163875
1.7315749366100603
1.6990538299856666
1.7013988613508166
1.7037263785499963
1.6539864853181485
1.6635455657716383
1.660338064649093
1.6668987768883934
1.626595145781583
1.5000624972678716
1.4993515943794538
1.4853379657696388
1.4699499167977716
1.4437155126319
0.26910575764003125
1.8931740220636895
2.328783276629134
1.670092221344831
1.6142326906478226
1.6399019590028174
1.6475489193239545
1.6356897452118624
1.6061144657620785
1.5884365747978682
1.5688838614081566
1.5852392524249184
1.6026432396500128
1.556422228570004
1.5166667349414122
1.4954966941159673
1.4783327097980028
1.5020482228139662
1.55193936645647
1.4956275611941003
1.445704704844523
1.4070431565891284
1.3358028052532989
1.406947586801259
1.3944204091740446
1.3303542177614731
1.2543330382822833
1.2312035019097018
1.2281953164042365
1.2067651357974618
1.1896460073110484
1.1496856330655978
1.121557617724971
1.1165379466744347
1.098061243033633
1.0707435084941423
1.075413315183581
1.0632838217072305
1.055041747034741
1.007345895388337
0.9852545181411695
0.9998918902678662
0.978013910512219
0.9581300194273337
0.9390957714336866
0.9757301716446332
0.9980758782566944
0.9740368485869197
0.9861125833154066
1.027291793762425
1.0241011024308784
1.026195190056
1.044579721408798
1.0565518730164005
1.072205251561058
1.0778079825884253
1.1018428297583664
1.144705909513474
1.1859720093320396
1.1878440415493186
1.2006380602075966
1.211417277279269
1.2430186516485433
1.2446420363757023
1.2104349406516368
1.2892933746014175
1.3256012358670064
1.3270969283075726
1.3511671790177735
1.3478321141502971
1.3771226756947281
1.3840043395879418
1.3870720482160421
1.383572062105119
1.4273918928638756
1.4542771263788856
1.4487002968088223
1.4441822682383527
1.4232031078219896
1.4148304958630207
1.4327498774426348
1.4708196822364277
1.47174894674541
1.4867820982426945
1.5846856329735968
1.537087865597732
1.518593943159322
1.4658339596941274
1.4916076111455054
1.496574777198128
1.5460204514833336
1.537861330765881
1.5119165284635017
1.4781865902204756
1.4991474627208985
1.5632075387170465
1.5613553969156442
1.571359818184771
1.5855400309546333
1.6097153635356587
1.5331497124114375
1.4954320757852018
1.4518739312660467
1.4447908884225016
1.4807883174087586
1.4663736427732132
1.4098755481432457
1.4159123968616962
1.4145838510811546
1.3859805413844146
1.4101422247993158
1.360382124484938
1.3655416121965849
1.3824550748578377
1.384482200402287
1.377032729239969
1.356987852119814
1.3301895888096813
1.355374647808917
1.364597442442436
1.298488440069372
1.2738067577168006
1.2456660661266779
1.2377789168567517
1.1942397735868415
1.1723254184159733
1.1410468238255396
1.1187148228379336
1.1394410699310134
1.1256152781887343
1.0920756468131458
1.1046057069402462
1.0651781241319576
1.0412296144585858
1.0166300760610836
0.9961327718755733
1.0132607099449702
0.9952810323260852
0.9765034209889072
0.9917394468418149
0.9842090258910471
0.9731524127887308
0.9754429468643796
0.9702711462365554
0.9386469166598559
1.0141182115553347
1.3177492801878734
1.3917129763932183
1.3846682958022372
1.7216276415978062
1.9342587367366704
1.5072557271174911
1.7262469447880855
1.8425007342165671
1.6573329872535814
1.6867190902533815
1.5429591332945118
1.7854584733649523
1.7352833124605234
1.7235739673892885
1.7025835578733046
1.650667945369358
1.51942998186257
1.5157130947943815
1.45922805329332
1.522362888291626
1.717291841631152
1.8471470825679297
1.9504829172570526
1.7390542511411988
1.8422137793800646
1.8634940437325291
1.9104484207907617
2.190070370253114
1.8013699280812883
1.9836896460339204
2.007692603913832
1.9713198590322814
1.9082806175816271
1.664659735584329
1.6545653130813192
1.7647869541690966
1.7749074895751313
2.072420774383754
1.8725574339854034
1.920905991678075
1.7566970864893798
1.6713409226297185
1.7196098512907438
1.7778567347137397
1.5146024335126012
1.4739561603885776
1.4109519558088066
1.4202264246069392
1.4584373385052403
1.4703365413657417
1.4653309057313144
1.4876045546379058
1.4698608435341247
1.402269520737149
1.4205402418861357
1.4357617404479541
1.5670905529377497
1.5124056705273978
1.5102321801970982
1.5358725120949095
1.5649305923985788
1.601257478455078
1.6075897515367894
1.4924653017364238
1.5427522082798684
1.4842707076870478
1.4688190591343746
1.380448673062565
1.3731296233533976
1.254342901823558
1.2214471543807175
1.2154237667033987
1.2136837840642063
1.188060508415717
1.1515799942403222
1.1261419069178078
1.0893898900448684
1.0278554641566935
1.0067607743699212
1.0141425219932634
1.0397696630582658
1.0009234652268748
0.9890277531995683
1.0155606973535771
1.0173746945731619
1.0009629793919714
0.9889306013284285
0.9793394569178798
0.9835209311267228
0.9930906365797902
1.0028986470233883
1.0242942801315356
1.0322180971083381
1.230942351823241
1.0461623730125755
1.106313813747372
1.067600157369048
1.2249052938051557
1.5001257755594242
1.6303091423001297
1.7133460416614992
1.5593759396198645
1.8103789022055496
1.8036857506441226
1.819298818265979
1.9493853140396877
1.9607465623394063
2.2057770411000566
2.2341397247528896
2.181108383225266
2.099654306432368
2.1752225993995653
2.078638867884319
2.0489362423063073
2.21085072815781
0.5761074762143636
3.8103549384367934
0.11861459908774437
51.72138237963425
39.09504305093597
61.977577942690125
1.3069858867222672
56.19124942187377
48.313615037399586
69.2349338990817
67.20815022440854
84.3915268567086
82.19599212055974
18.909940113758374
30.247968824137118
1.8024424973357036
1.8272713149788573
1.1019307689444917
0.7347462169297693
2.714741282334207
1.7255743805985013
1.7024018979776263
1.6631984517246
1.6336535048761087
1.6122190609361704
1.627692605321307
1.5935832458433576
1.6009927349239312
1.5838482787301906
1.5942892178986385
1.6119143217816128
1.593765622711111
1.6247323096056052
1.7098795778888234
1.716849736986854
1.708366171907294
1.7585766511621088
1.7636128867953202
1.7609083396111227
1.7278902298814778
1.6903230113742649
1.6858215467614703
1.6859033282165539
1.6968418323652308
1.5960936328269375
1.5496906894624911
1.6460502852168384
1.648329420959607
1.5448709446540108
1.5420686913658765
1.4480169824118017
1.3935214702514318
1.3290976959364027
1.3037723513177415
1.255880944470775
1.2635497291660447
1.2230401393174177
1.226528832512123
1.188400695902199
1.14539278636118
1.1638162579207636
1.1674146613194425
1.148353842493518
1.1339552888989985
1.1098787236057153
1.2292199671968536
1.196383203918336
1.1458068828030585
1.1301012084271458
1.1449457940872751
1.120657730052396
1.1395214220111536
1.128727923898382
1.1206322383867424
1.1096511509064249
1.1182316555654663
1.1602837749473158
1.278801690164836
1.382044650661125
1.3956731086208256
1.5099655270966503
1.6965807772743104
1.89507206607031
1.7004357062769204
1.7750799927996113
2.251670637521287
2.1950564540857345
2.1208580288499372
1.9857518815019308
1.994761952400377
2.4230608232999122
2.1625121575618365
1.9172371755772595
2.158315670497337
2.23166518928805
1.9828231557180038
2.0554839229011113
1.921716443284745
2.061829526078114
1.8615932501987604
1.9409475431368406
2.0519507842186067
1.9953775878795132
2.137185419046945
2.1867456573754582
1.9079784208097579
2.11886163854271
2.0775055388607764
1.8707640275475836
1.9408312657183797
1.9747125977158657
1.805823079659943
1.8112613602632788
1.8997585015181377
1.7732176573300635
1.6635476516048886
0.6173538115102303
0.6124633787878919
0.38421510639933
2.971556573920185
2.967151302986323
3.0585670248638968
3.0338432186024322
3.0272641541369025
3.0525860055550575
3.0283441638060156
3.053463028128958
2.98699132541438
3.0393058121088075
2.9132703259813617
2.808819475171783
2.7445561982466717
2.7315653306046475
2.7762013367129685
2.871447503722373
2.9697849223209065
2.8997858809237793
2.9219994097851956
2.9355903225838946
2.9418608386647005
2.76865637870648
2.5720842027989463
2.4246050071590037
2.071494955036036
1.9012908918289333
1.7685994347849365
1.9171528207391983
1.8925342306059572
1.8624561276114793
1.8266186795000054
1.8095626441473112
1.7116014255458845
2.0012655458987454
1.9574022688167398
1.8398439019789365
1.911751353038805
1.7513288155629247
1.663350816239557
1.6318321164819647
1.6986047450006798
1.755244321984424
1.5999711102753922
2.010806907115686
2.030035465032317
2.3892763590436172
2.3835429332812605
2.350722927082064
2.3038367532491133
2.207193699153678
2.1403837061191213
1.730011906049452
1.6360868196750487
1.3983798440838797
1.383981373226875
1.3449062638499794
1.3987623924680341
1.3328022091043608
1.4655087274385643
1.4345949470311585
1.3946428215319755
1.3165711479388702
1.23536267436989
1.204204390738558
1.234458800183293
1.2616970483609027
1.3263125833478207
1.365408724982619
1.273780606332485
1.295707522292879
1.2461117323517357
1.2729032095650397
1.2941666094015045
1.4793688273319674
1.5142409206121559
1.7476648897846523
1.5267814076124822
1.5391499204205827
1.4065627569241712
1.7200629512872594
1.8644229566286106
2.149599647983726
2.325967024046653
2.2086194314007774
2.460386587528972
2.3143755822003182
2.576318773734121
2.3265937272676394
2.4646761391088843
2.652771718307417
2.882077029447074
2.888189358432322
2.8574335844753143
2.820340894438011
2.9556568998489188
2.8937604293572177
2.8482816684166687
2.951745751491902
2.7504860562655815
2.6970088534510634
2.8743100295068094
2.780036685070568
2.6886345664186955
2.785538094705676
2.6684355730256573
2.6744345407214554
2.6228474314407886
2.8296161524311914
2.9448146096097254
2.7406256369865782
2.6733548987942743
2.4361255296510453
2.5332369289041696
2.648875795756735
2.5277097579789367
2.422385500724461
2.437486684479287
2.4239940878088637
2.650667589291342
2.349887620636875
2.0466206036144396
2.0956860129145003
1.931510662564257
1.978202923495473
2.120692054657665
1.9264023206680612
2.0589234648101415
1.9537209333611818
2.117522612746557
2.0823894936619243
1.8692931243330901
1.9146514401132748
1.8519178438215604
2.17982086388033
2.194203921834226
1.9955970814262123
2.032136152112935
1.994547171756868
1.9749275557787285
1.831978966555554
1.9185459078252582
2.21214223459949
2.195249999245536
2.301125862947382
1.7719219734690606
1.5131248329988212
1.632640755185423
2.1924182992673145
2.1086955644273484
1.9030941014924843
1.748711151066928
1.621197503660529
1.420011824562671
1.2961045745390982
1.2878435807006938
1.2412752944261516
1.2022838899338641
1.164510678101503
1.1599861349479588
1.1631619356550973
1.164417873313524
1.164623890805338
1.173818710023302
1.1490652270485835
1.1433972437321422
1.1334737722514658
1.140585516760537
1.14832082999483
1.1166087145882895
1.1389375309926886
1.2171879938645085
1.4677597854857678
1.6726950097160787
1.9505835785466012
2.15870747372013
2.3797821558908296
2.186940470277186
2.3330238562504437
2.6627933956496963
3.0110501478099905
3.127089898530441
3.1216799082494684
3.260459939440186
3.3531646258239762
3.3491914323061462
3.040520960486559
2.619639715336427
2.6989869211777866
2.7042323985567984
2.864626287645802
2.6929438728371657
2.651388418318056
2.5121070290666787
2.656036031185538
2.5642744060848175
2.5259761967019463
2.4964097969293393
2.732749262853606
2.7960564236570384
2.667343595614701
2.4984420936879026
2.580358173703054
2.45829406496442
2.5005262936718733
2.650959798966514
2.6897134793136246
2.8459433523056203
2.804181662304226
2.770139065791851
2.9124036324396414
2.488681071182329
2.501481132374207
2.633566747487379
2.68042516970764
2.5797214930627894
2.484620458310333
2.50327418397332
2.3745187365764715
2.2812856566483584
2.1962605347216346
2.285664253388877
2.40007239121865
2.4134323943417058
2.2360029731256565
2.2106386797723445
2.199296837924089
2.726566546772125
2.589932370403613
2.578446673717755
2.552817190043902
2.430810039369346
2.3648046818124717
2.5979425993742646
2.503336038811554
2.361403239903148
2.2525237181598867
2.164818544640872
2.188942847681141
1.762362109026456
1.60654146506357
1.5222239463572107
1.501960232400796
1.51460109169016
1.5036969942067833
1.5025918730006969
1.5146562683546343
1.4593785678428393
1.403348691735933
1.3830482565009332
1.3726159156654774
1.3407648396394587
1.3250994773452776
1.2883199060984332
1.264271305387372
1.268014327321971
1.25844546499387
1.249021057660029
1.2165596616582623
1.2170459451806057
1.2297898361325423
1.2267387043787834
1.2291172280342695
1.231219668575726
1.2125029741111273
1.2074247522295845
1.2223553245529633
1.2673165450918773
1.278615580488848
1.3394734122788599
1.15936795351419
1.1981242296824872
1.4670315080720138
1.6609869291609631
1.8487652696522585
1.903530714392352
2.0077930910098334
2.043151316544347
2.2932620081691524
2.223846502251409
2.253153334284077
2.4527081262977037
2.500429971091969
2.7083826243313314
2.6430885151560832
2.3971857364021414
2.842419107171435
2.941440919313091
2.7428114047117034
2.5898485639526454
2.680527469706853
2.6043711122280495
2.5975390090547883
2.920219606573077
3.0413123669320843
3.0849516375642008
3.0243742348042897
2.9941069414886865
2.7687779109636095
2.5626843351293047
2.373803684969068
2.570716144744952
2.3843443268234843
2.3798122655680176
2.441687513479237
2.559315170639087
2.386288659066595
2.549664248132667
2.5360042224312735
2.367473320501625
2.398011062202246
2.5574189029117367
2.3910498203203
2.2486109375448184
2.45598423272412
2.3733353269081534
2.2331821699215446
2.2389088602000817
2.1093190095838437
1.9953848588471994
2.111745122468411
2.099771487076628
1.8869267048426328
1.6792470419237515
1.7521788091047747
1.819328018265755
1.7670267670550963
1.7306692381043833
1.6664153752409356
1.7632088509554273
1.63456330379829
1.6876726579879835
1.6260939810422252
1.6723877290732805
1.676222525817981
1.8630200759942388
1.6007218053513634
1.6141084906527579
1.566757417950987
1.5330201692915848
1.5512131622632892
1.5806912201010916
1.5660259266654941
1.4576289049185223
1.3362431198191356
1.343201035792653
1.3942684344380805
1.2941798364905803
1.2660959392732007
1.234160434292204
1.216717906443641
1.2306117265165502
1.2426120756230326
1.245634529461264
1.2279916189123306
1.2378733268530002
1.225903248370315
1.1925697288615367
1.167651335060038
1.1945162787841879
1.1472883889941887
1.1542767282998305
1.137286721058286
1.1616145223832528
1.1569932492335524
1.9284400754910986
1.2590645193488912
1.147304836910202
1.5907359393786773
1.8440195277532738
2.0859329710540266
2.2004114830768073
2.2271360312583677
2.280557366331379
2.153793044725668
2.168046763970883
2.3501660561186046
2.4119094362889024
2.5213877257694945
2.750952417552317
2.5825766027182495
2.7610932755388413
2.809204375168822
3.0657005925509684
2.759300223939728
2.542439257865653
2.6856733567640507
2.6886570631927165
2.8621372360520416
2.7816595786064737
2.710627701733419
2.935234800005984
3.042606579825357
2.99396092213497
2.918857900131937
2.769913785148422
2.7278644016008533
2.6190304185669193
2.776685294773763
2.6673343472276754
2.621688708869055
2.5767786124402616
2.796577013975615
2.867929416652656
2.5967530413188977
2.458178877868532
2.3645267914920285
2.207413918506823
2.3880327332467304
2.2134342829766496
2.155242176972588
2.0467555584521118
1.9284297335556941
2.087230464592435
2.057670958368161
2.0433319810590866
2.018682371571246
1.9109403594966552
1.8167364731243958
1.7725737057221127
1.759883044529393
1.685323067822945
1.7021409606963285
1.7037070258424318
1.7647096900850703
1.7243338135644635
1.735852696327112
1.7506469607294592
1.7081938062172537
1.6396784517200322
1.7750375540902605
1.7462465994729799
1.6604824619350218
1.6707325550693863
1.6318496764061199
1.6162019205695721
1.56983545866201
1.5328962726298416
1.4221862945290606
1.3856765526464943
1.364555034110788
1.3183817151122172
1.3467755873172798
1.3246348771554057
1.266782277162595
1.2561265217526831
1.2445809428364631
1.2638351962380345
1.241518822958141
1.2254260200559448
1.2192022144699235
1.2057330697968058
1.1872689828221692
1.1831425096528072
1.1661196776209006
1.1576346373330657
1.1185104686793872
1.1338110009573676
1.1878701102190226
1.113184876182674
1.1188816010721883
1.0632102640018202
1.0827187176016235
1.0988678571682475
1.1406060530097208
1.4050160375812284
1.6574166098335834
1.6630638549514412
1.727358867360179
1.8414107632572085
1.7610628154880612
2.12660432235413
1.797647050690566
1.5289829398536148
1.666107422669969
1.6167918778879604
1.6542444324386256
1.5212056173327841
1.4895898699756833
1.49583261430212
1.7257069480180451
1.932220633526539
2.06795619377293
2.2474552956182228
2.216778966821894
2.0341234746782955
2.181830134832618
2.043836429442304
1.7810105766249673
1.6771935064556742
1.8009681409876042
1.7338397995683994
1.8236454924260976
1.933168575454732
1.9158143336527185
1.8953730112292857
1.871086895287036
1.798496689393709
1.7268691157510425
1.710066486848012
1.676666380653277
1.6775468612916664
1.7463334801174726
1.822970715011933
1.699902964345534
1.6499213453750998
1.5249230314883362
1.4972281140471668
1.5062849271249577
1.5049224884257588
1.643527309940405
1.5352072043218736
1.5768910749690281
1.4831170982708817
1.4291229212667917
1.44171263666982
1.441301433352827
1.5270215624493448
1.3954315118484906
1.408321433413334
1.532316891402864
1.4674124104402697
1.4202997823123573
1.3701884232619372
1.3823641209031186
1.3941365812686561
1.4438617374177558
1.4575798695809798
1.4336759001141712
1.4181866580213254
1.3622746331597364
1.2907012532954736
1.2735437702272505
1.292940839248147
1.3976537344120443
1.2283604834810062
1.220983000440828
1.2051866304435193
1.1994953115030054
1.1529239333535857
1.1337253141164703
1.10649522978183
1.070848800781625
1.0694455733373844
1.0521137617344218
1.0579391692112745
1.0643880395800194
1.0412929446644026
1.020952654847653
1.0064223325083697
1.021416739204212
1.0214765544101687
1.0465621900800217
0.9907251987571174
0.9760790505891032
0.9923467799426817
1.0020978670552085
1.0130543534990006
0.9621492421842908
0.9611998005553516
0.9488886445862196
1.0042055503412497
1.0995306044468218
1.1553963685332915
1.0520443757797766
0.9938232253006798
1.0789793497661702
1.1644662974957938
1.2925282900592658
1.2651757676889868
1.3175898414794227
1.2872060901001985
1.393316302187339
1.2636849096359366
1.5664574556944335
1.5332608753045847
1.4131102471963954
1.3660541088486233
1.488791736936916
1.9069015079148144
1.8614434147160421
1.6801832064326807
1.710121999750811
1.626423381039692
1.7302119770156554
1.7934035926586858
1.6972925579139975
1.673920667771168
1.6521430195515616
1.6252864229839201
1.6739502355128761
1.629155681018678
1.7808017959814118
1.8073028602937236
1.8328826536453784
2.0712830905215363
1.7432982607859777
1.526758368902982
1.5966697941717503
1.6149485779021369
1.508618881945717
1.502685033604257
1.5468227687486682
1.7454439381888305
1.7569415993907254
1.4399846308606745
1.4694690370855252
1.665553267835521
1.659634467881042
1.5751742104661035
1.6766955903304714
1.740714889838104
1.6923329708553667
1.6974240675904053
1.740574315645637
1.6931363450427368
1.5646573299018265
1.5437262365144189
1.3939031054086322
1.7004754288572603
1.6048750166892896
1.6034231650875526
1.6992267320926706
1.3399007671142826
1.4060018956381621
1.5457353203699349
1.3469264186731522
1.2813036159520454
1.273293353778868
1.2359009098480433
1.2080367590802652
1.1814272220126336
1.1645655624743223
1.1350317542728903
1.1410267092430055
1.0698400589467087
1.2097941326310517
1.0606544124367137
1.0761489730710152
1.072064567816648
1.0567449688420611
1.0479715789823512
1.0465255690398099
1.0358421209226654
1.0348361195043072
1.035577224266525
1.0285882757942406
1.0084581499274734
1.000964560850242
0.9924365503557813
1.2154985229097603
1.7532156445806717
1.9665514493915355
1.8841058919611018
1.72225397707686
1.6899384160350734
1.968516997763515
2.2043090411113475
2.3446533948706794
2.3697949398386084
2.5480413481451487
2.69594880507212
2.6600554795417213
3.045929860444959
3.0891535633383356
3.0803506440511987
2.902653126063018
2.8750818553073243
2.7486641691828195
2.7767070721929503
2.722906256477695
2.601699218700212
2.6077342863957322
2.6183264379271725
2.739518972478961
2.8009686849095816
2.922015735591522
2.7022996727652107
2.7636813658415167
2.7434850853516832
2.868475771487164
3.0847336053078127
3.1803436239273224
3.2227541558592105
3.024973915444839
2.7169484629751293
2.847228878102185
3.068647837689592
2.9637144772063038
2.9428171289799265
2.984755318979963
2.848276958739285
2.78707973985511
2.6735433633089545
2.3743754365775738
2.1770671671273143
2.305308920979727
2.1725349349041068
2.062492329298823
1.9939988427288264
1.881814743591626
1.8927517241526717
1.9604949784703736
1.9180849884739644
1.7914349507383427
1.7089572804049298
1.6836171193094966
1.6672529194353527
1.6935020385883115
1.5799905039774487
1.794499547488967
1.8568705470092761
1.9457814334222434
1.9526790172401622
1.8665840501603765
1.676189506463396
1.5285122301798157
1.3561013637638786
1.4164190149128835
1.418905882635693
1.3123388332690067
1.246006054446501
1.2278134822527424
1.2011518960205119
1.3434612961191568
1.2610493032045942
1.1888907940821403
1.3240694865908784
1.2319461647187466
1.2082318132882286
1.28905120621504
1.1153800204539575
1.0712932595027027
1.0709636418187283
1.061065474712046
1.0646166426959354
1.066427582415642
1.0247674430294005
1.011566977512273
0.9915260260169623
0.9882302528145913
0.9873359061834626
1.0001175306755665
0.9841296465192013
0.9740594577526881
0.9662920699363362
0.9632116381837417
1.1528866362945291
1.2199344486820956
